ID,Dx,Hemog,Genotype,Start,End,Ref,Alt,Gene.refGene,AAChange.refGene,ExAC_ALL,snp138
C118,AA,9,0/0,2138654,2138654,T,G,AP3D1,NM_001261826:c.A156C:p.I52I,0.3408,rs25672
C87,AA/PNH; HL,13,"0/1:43,50:93:99:1397,0,1252",2138654,2138654,T,G,AP3D1,NM_001261826:c.A156C:p.I52I,0.3408,rs25672
C10,AML,NA,"1/1:0,55:55:99:1773,129,0",2138654,2138654,T,G,AP3D1,NM_001261826:c.A156C:p.I52I,0.3408,rs25672
C112,AML,11.1,"1/1:0,152:152:99:4924,376,0",2138654,2138654,T,G,AP3D1,NM_001261826:c.A156C:p.I52I,0.3408,rs25672
C126,AML,8.1,"1/1:0,104:104:99:3335,250,0",2138654,2138654,T,G,AP3D1,NM_001261826:c.A156C:p.I52I,0.3408,rs25672
C127,AML,7.4,"0/1:59,46:105:99:1344,0,1674",2138654,2138654,T,G,AP3D1,NM_001261826:c.A156C:p.I52I,0.3408,rs25672
C133,AML,9.9,"1/1:0,81:81:99:2672,202,0",2138654,2138654,T,G,AP3D1,NM_001261826:c.A156C:p.I52I,0.3408,rs25672
C136,AML,8,"0/1:36,52:88:99:1422,0,1047",2138654,2138654,T,G,AP3D1,NM_001261826:c.A156C:p.I52I,0.3408,rs25672
C138,AML,10.4,"0/1:28,28:56:99:787,0,780",2138654,2138654,T,G,AP3D1,NM_001261826:c.A156C:p.I52I,0.3408,rs25672
C142,AML,9.9,"1/1:1,71:72:99:2418,181,0",2138654,2138654,T,G,AP3D1,NM_001261826:c.A156C:p.I52I,0.3408,rs25672
C143,AML,10.5,"1/1:0,82:82:99:2786,211,0",2138654,2138654,T,G,AP3D1,NM_001261826:c.A156C:p.I52I,0.3408,rs25672
C144,AML,10.5,"0/1:34,39:73:99:1170,0,935",2138654,2138654,T,G,AP3D1,NM_001261826:c.A156C:p.I52I,0.3408,rs25672
C145,AML,8.7,0/0,2138654,2138654,T,G,AP3D1,NM_001261826:c.A156C:p.I52I,0.3408,rs25672
C15,AML,13.7,"0/1:53,52:106:99:1479,0,1631",2138654,2138654,T,G,AP3D1,NM_001261826:c.A156C:p.I52I,0.3408,rs25672
C18,AML,NA,"0/1:54,42:96:99:1332,0,1614",2138654,2138654,T,G,AP3D1,NM_001261826:c.A156C:p.I52I,0.3408,rs25672
C31,AML,NA,"0/1:43,58:101:99:1503,0,1204",2138654,2138654,T,G,AP3D1,NM_001261826:c.A156C:p.I52I,0.3408,rs25672
C32,AML,6.9,"1/1:1,85:86:99:2765,180,0",2138654,2138654,T,G,AP3D1,NM_001261826:c.A156C:p.I52I,0.3408,rs25672
C34,AML,9.3,0/0,2138654,2138654,T,G,AP3D1,NM_001261826:c.A156C:p.I52I,0.3408,rs25672
C43,AML,NA,0/0,2138654,2138654,T,G,AP3D1,NM_001261826:c.A156C:p.I52I,0.3408,rs25672
C49,AML,NA,"0/1:31,47:78:99:1434,0,891",2138654,2138654,T,G,AP3D1,NM_001261826:c.A156C:p.I52I,0.3408,rs25672
C5,AML,9.7,"0/1:84,55:139:99:1480,0,2372",2138654,2138654,T,G,AP3D1,NM_001261826:c.A156C:p.I52I,0.3408,rs25672
C59,AML,NA,0/0,2138654,2138654,T,G,AP3D1,NM_001261826:c.A156C:p.I52I,0.3408,rs25672
C69,AML,8,"0/1:53,36:89:99:1087,0,1514",2138654,2138654,T,G,AP3D1,NM_001261826:c.A156C:p.I52I,0.3408,rs25672
C8,AML,9.8,"0/1:86,75:161:99:1964,0,2625",2138654,2138654,T,G,AP3D1,NM_001261826:c.A156C:p.I52I,0.3408,rs25672
C83,AML,10.7,"0/1:54,55:109:99:1591,0,1638",2138654,2138654,T,G,AP3D1,NM_001261826:c.A156C:p.I52I,0.3408,rs25672
C83,AML,10.7,"0/1:59,60:119:99:1700,0,1672",2138654,2138654,T,G,AP3D1,NM_001261826:c.A156C:p.I52I,0.3408,rs25672
C85,AML,8,"1/1:0,39:39:99:1517,117,0",2138654,2138654,T,G,AP3D1,NM_001261826:c.A156C:p.I52I,0.3408,rs25672
P33,AML,10.2,"0/1:57,58:115:99:1720,0,1523",2138654,2138654,T,G,AP3D1,NM_001261826:c.A156C:p.I52I,0.3408,rs25672
C1,MDS,10,"0/1:47,38:85:99:1103,0,1430",2138654,2138654,T,G,AP3D1,NM_001261826:c.A156C:p.I52I,0.3408,rs25672
C102,MDS,10.3,0/0,2138654,2138654,T,G,AP3D1,NM_001261826:c.A156C:p.I52I,0.3408,rs25672
C107,MDS,11.9,"1/1:0,174:174:99:6251,470,0",2138654,2138654,T,G,AP3D1,NM_001261826:c.A156C:p.I52I,0.3408,rs25672
C108,MDS,9.5,"0/1:47,68:115:99:1963,0,1351",2138654,2138654,T,G,AP3D1,NM_001261826:c.A156C:p.I52I,0.3408,rs25672
C109,MDS,9.9,"0/1:71,53:124:99:1508,0,2103",2138654,2138654,T,G,AP3D1,NM_001261826:c.A156C:p.I52I,0.3408,rs25672
C11,MDS,NA,0/0,2138654,2138654,T,G,AP3D1,NM_001261826:c.A156C:p.I52I,0.3408,rs25672
C117,MDS,7.3,0/0,2138654,2138654,T,G,AP3D1,NM_001261826:c.A156C:p.I52I,0.3408,rs25672
C12,MDS,10.6,"1/1:1,139:140:99:4511,334,0",2138654,2138654,T,G,AP3D1,NM_001261826:c.A156C:p.I52I,0.3408,rs25672
C128,MDS,10.5,"0/1:36,50:86:99:1405,0,928",2138654,2138654,T,G,AP3D1,NM_001261826:c.A156C:p.I52I,0.3408,rs25672
C13,MDS,8.7,0/0,2138654,2138654,T,G,AP3D1,NM_001261826:c.A156C:p.I52I,0.3408,rs25672
C131,MDS,9.8,"0/1:64,36:100:99:880,0,1823",2138654,2138654,T,G,AP3D1,NM_001261826:c.A156C:p.I52I,0.3408,rs25672
C132,MDS,10.3,0/0,2138654,2138654,T,G,AP3D1,NM_001261826:c.A156C:p.I52I,0.3408,rs25672
C134,MDS,10.6,"0/1:32,59:92:99:1689,0,867",2138654,2138654,T,G,AP3D1,NM_001261826:c.A156C:p.I52I,0.3408,rs25672
C135,MDS,10.9,"0/1:48,47:95:99:1425,0,1344",2138654,2138654,T,G,AP3D1,NM_001261826:c.A156C:p.I52I,0.3408,rs25672
C139,MDS,10.2,"0/1:38,33:71:99:839,0,1123",2138654,2138654,T,G,AP3D1,NM_001261826:c.A156C:p.I52I,0.3408,rs25672
C140,MDS,8.9,"0/1:36,32:68:99:907,0,1110",2138654,2138654,T,G,AP3D1,NM_001261826:c.A156C:p.I52I,0.3408,rs25672
C141,MDS,8.5,"0/1:45,38:83:99:1124,0,1334",2138654,2138654,T,G,AP3D1,NM_001261826:c.A156C:p.I52I,0.3408,rs25672
C16,MDS,6.2,0/0,2138654,2138654,T,G,AP3D1,NM_001261826:c.A156C:p.I52I,0.3408,rs25672
C17,MDS,11.6,"1/1:0,138:138:99:4340,313,0",2138654,2138654,T,G,AP3D1,NM_001261826:c.A156C:p.I52I,0.3408,rs25672
C20,MDS,10,0/0,2138654,2138654,T,G,AP3D1,NM_001261826:c.A156C:p.I52I,0.3408,rs25672
C27,MDS,7.3,0/0,2138654,2138654,T,G,AP3D1,NM_001261826:c.A156C:p.I52I,0.3408,rs25672
C29,MDS,10,"0/1:110,103:213:99:2809,0,3170",2138654,2138654,T,G,AP3D1,NM_001261826:c.A156C:p.I52I,0.3408,rs25672
C30,MDS,NA,"0/1:73,62:135:99:1672,0,2028",2138654,2138654,T,G,AP3D1,NM_001261826:c.A156C:p.I52I,0.3408,rs25672
C33,MDS,NA,"0/1:17,29:46:99:747,0,422",2138654,2138654,T,G,AP3D1,NM_001261826:c.A156C:p.I52I,0.3408,rs25672
C40,MDS,13.3,"0/1:88,80:168:99:2246,0,2497",2138654,2138654,T,G,AP3D1,NM_001261826:c.A156C:p.I52I,0.3408,rs25672
C41,MDS,NA,0/0,2138654,2138654,T,G,AP3D1,NM_001261826:c.A156C:p.I52I,0.3408,rs25672
C42,MDS,9.9,0/0,2138654,2138654,T,G,AP3D1,NM_001261826:c.A156C:p.I52I,0.3408,rs25672
C45,MDS,11.5,"0/1:67,47:114:99:1190,0,1956",2138654,2138654,T,G,AP3D1,NM_001261826:c.A156C:p.I52I,0.3408,rs25672
C46,MDS,10.7,"1/1:0,109:109:99:3614,268,0",2138654,2138654,T,G,AP3D1,NM_001261826:c.A156C:p.I52I,0.3408,rs25672
C47,MDS,10.6,0/0,2138654,2138654,T,G,AP3D1,NM_001261826:c.A156C:p.I52I,0.3408,rs25672
C48,MDS,9.4,"0/1:94,77:171:99:2195,0,2789",2138654,2138654,T,G,AP3D1,NM_001261826:c.A156C:p.I52I,0.3408,rs25672
C52,MDS,NA,0/0,2138654,2138654,T,G,AP3D1,NM_001261826:c.A156C:p.I52I,0.3408,rs25672
C55,MDS,NA,"0/1:27,28:55:99:781,0,797",2138654,2138654,T,G,AP3D1,NM_001261826:c.A156C:p.I52I,0.3408,rs25672
C57,MDS,10.4,"0/1:74,39:113:99:963,0,2232",2138654,2138654,T,G,AP3D1,NM_001261826:c.A156C:p.I52I,0.3408,rs25672
C58,MDS,NA,0/0,2138654,2138654,T,G,AP3D1,NM_001261826:c.A156C:p.I52I,0.3408,rs25672
C60,MDS,11.2,0/0,2138654,2138654,T,G,AP3D1,NM_001261826:c.A156C:p.I52I,0.3408,rs25672
C62,MDS,NA,"0/1:44,43:87:99:1252,0,1247",2138654,2138654,T,G,AP3D1,NM_001261826:c.A156C:p.I52I,0.3408,rs25672
C63,MDS,9.8,0/0,2138654,2138654,T,G,AP3D1,NM_001261826:c.A156C:p.I52I,0.3408,rs25672
C7,MDS,8.6,"0/1:37,35:72:99:1012,0,1112",2138654,2138654,T,G,AP3D1,NM_001261826:c.A156C:p.I52I,0.3408,rs25672
C70,MDS,NA,"1/1:2,134:136:99:4294,290,0",2138654,2138654,T,G,AP3D1,NM_001261826:c.A156C:p.I52I,0.3408,rs25672
C71,MDS,NA,0/0,2138654,2138654,T,G,AP3D1,NM_001261826:c.A156C:p.I52I,0.3408,rs25672
C72,MDS,12.1,0/0,2138654,2138654,T,G,AP3D1,NM_001261826:c.A156C:p.I52I,0.3408,rs25672
C73,MDS,11.7,0/0,2138654,2138654,T,G,AP3D1,NM_001261826:c.A156C:p.I52I,0.3408,rs25672
C74,MDS,10.9,"0/1:73,63:136:99:1824,0,2006",2138654,2138654,T,G,AP3D1,NM_001261826:c.A156C:p.I52I,0.3408,rs25672
C75,MDS,11.3,0/0,2138654,2138654,T,G,AP3D1,NM_001261826:c.A156C:p.I52I,0.3408,rs25672
C76,MDS,NA,"0/1:44,46:90:99:1391,0,1234",2138654,2138654,T,G,AP3D1,NM_001261826:c.A156C:p.I52I,0.3408,rs25672
C76,MDS,NA,"0/1:44,46:90:99:1391,0,1234",2138654,2138654,T,G,AP3D1,NM_001261826:c.A156C:p.I52I,0.3408,rs25672
C79,MDS,9.2,"0/1:66,73:139:99:2256,0,1845",2138654,2138654,T,G,AP3D1,NM_001261826:c.A156C:p.I52I,0.3408,rs25672
C79,MDS,9.2,"0/1:66,73:139:99:2256,0,1845",2138654,2138654,T,G,AP3D1,NM_001261826:c.A156C:p.I52I,0.3408,rs25672
C86,MDS,9.9,"0/1:50,29:79:99:762,0,1351",2138654,2138654,T,G,AP3D1,NM_001261826:c.A156C:p.I52I,0.3408,rs25672
C89,MDS,9.5,0/0,2138654,2138654,T,G,AP3D1,NM_001261826:c.A156C:p.I52I,0.3408,rs25672
C90,MDS,8.2,"0/1:67,62:129:99:1665,0,2131",2138654,2138654,T,G,AP3D1,NM_001261826:c.A156C:p.I52I,0.3408,rs25672
C91,MDS,8.7,"1/1:0,85:85:99:2878,214,0",2138654,2138654,T,G,AP3D1,NM_001261826:c.A156C:p.I52I,0.3408,rs25672
C92,MDS,9.3,"0/1:54,51:105:99:1405,0,1668",2138654,2138654,T,G,AP3D1,NM_001261826:c.A156C:p.I52I,0.3408,rs25672
C95,MDS,8.8,"0/1:74,46:122:99:1387,0,1995",2138654,2138654,T,G,AP3D1,NM_001261826:c.A156C:p.I52I,0.3408,rs25672
C97,MDS,10.7,0/0,2138654,2138654,T,G,AP3D1,NM_001261826:c.A156C:p.I52I,0.3408,rs25672
C98,MDS,9.8,"0/1:56,39:95:99:1094,0,1619",2138654,2138654,T,G,AP3D1,NM_001261826:c.A156C:p.I52I,0.3408,rs25672
C99,MDS,NA,0/0,2138654,2138654,T,G,AP3D1,NM_001261826:c.A156C:p.I52I,0.3408,rs25672
P1,MDS,NA,0/0,2138654,2138654,T,G,AP3D1,NM_001261826:c.A156C:p.I52I,0.3408,rs25672
P10,MDS,9.6,"1/1:0,43:43:99:1549,123,0",2138654,2138654,T,G,AP3D1,NM_001261826:c.A156C:p.I52I,0.3408,rs25672
P11,MDS,7.3,"0/1:23,18:41:99:520,0,793",2138654,2138654,T,G,AP3D1,NM_001261826:c.A156C:p.I52I,0.3408,rs25672
P12,MDS,10.1,"1/1:0,42:42:99:1499,120,0",2138654,2138654,T,G,AP3D1,NM_001261826:c.A156C:p.I52I,0.3408,rs25672
P13,MDS,NA,"0/1:41,43:84:99:1147,0,1259",2138654,2138654,T,G,AP3D1,NM_001261826:c.A156C:p.I52I,0.3408,rs25672
P14,MDS,NA,"1/1:0,11:11:24:311,24,0",2138654,2138654,T,G,AP3D1,NM_001261826:c.A156C:p.I52I,0.3408,rs25672
P15,MDS,10.1,"0/1:48,56:104:99:1535,0,1348",2138654,2138654,T,G,AP3D1,NM_001261826:c.A156C:p.I52I,0.3408,rs25672
P2,MDS,8,"0/1:80,58:138:99:1343,0,2088",2138654,2138654,T,G,AP3D1,NM_001261826:c.A156C:p.I52I,0.3408,rs25672
P24,MDS,8.5,0/0,2138654,2138654,T,G,AP3D1,NM_001261826:c.A156C:p.I52I,0.3408,rs25672
P25,MDS,8,0/0,2138654,2138654,T,G,AP3D1,NM_001261826:c.A156C:p.I52I,0.3408,rs25672
P26,MDS,11.8,"1/1:0,99:99:99:3266,256,0",2138654,2138654,T,G,AP3D1,NM_001261826:c.A156C:p.I52I,0.3408,rs25672
P27,MDS,8.9,"0/1:56,60:116:99:1697,0,1627",2138654,2138654,T,G,AP3D1,NM_001261826:c.A156C:p.I52I,0.3408,rs25672
P29,MDS,8.7,"0/1:51,33:84:99:895,0,1438",2138654,2138654,T,G,AP3D1,NM_001261826:c.A156C:p.I52I,0.3408,rs25672
P3,MDS,NA,"1/1:1,131:132:99:4337,352,0",2138654,2138654,T,G,AP3D1,NM_001261826:c.A156C:p.I52I,0.3408,rs25672
P30,MDS,NA,"1/1:0,97:97:99:3289,256,0",2138654,2138654,T,G,AP3D1,NM_001261826:c.A156C:p.I52I,0.3408,rs25672
P32,MDS,6.5,0/0,2138654,2138654,T,G,AP3D1,NM_001261826:c.A156C:p.I52I,0.3408,rs25672
P34,MDS,8.5,"0/1:41,34:75:99:1038,0,1165",2138654,2138654,T,G,AP3D1,NM_001261826:c.A156C:p.I52I,0.3408,rs25672
P35,MDS,8.3,"0/1:54,56:110:99:1636,0,1437",2138654,2138654,T,G,AP3D1,NM_001261826:c.A156C:p.I52I,0.3408,rs25672
P36,MDS,NA,0/0,2138654,2138654,T,G,AP3D1,NM_001261826:c.A156C:p.I52I,0.3408,rs25672
P37,MDS,NA,"1/1:0,88:88:99:3066,238,0",2138654,2138654,T,G,AP3D1,NM_001261826:c.A156C:p.I52I,0.3408,rs25672
P38,MDS,9,0/0,2138654,2138654,T,G,AP3D1,NM_001261826:c.A156C:p.I52I,0.3408,rs25672
P39,MDS,8.4,"0/1:47,40:87:99:1185,0,1414",2138654,2138654,T,G,AP3D1,NM_001261826:c.A156C:p.I52I,0.3408,rs25672
P4,MDS,8.1,0/0,2138654,2138654,T,G,AP3D1,NM_001261826:c.A156C:p.I52I,0.3408,rs25672
P40,MDS,NA,"0/1:59,46:105:99:1242,0,1796",2138654,2138654,T,G,AP3D1,NM_001261826:c.A156C:p.I52I,0.3408,rs25672
P41,MDS,9.5,"0/1:50,31:81:99:835,0,1548",2138654,2138654,T,G,AP3D1,NM_001261826:c.A156C:p.I52I,0.3408,rs25672
P42,MDS,11.7,"0/1:43,45:88:99:1306,0,1165",2138654,2138654,T,G,AP3D1,NM_001261826:c.A156C:p.I52I,0.3408,rs25672
P46,MDS,9.8,"0/1:44,30:74:99:789,0,1270",2138654,2138654,T,G,AP3D1,NM_001261826:c.A156C:p.I52I,0.3408,rs25672
P47,MDS,9.3,0/0,2138654,2138654,T,G,AP3D1,NM_001261826:c.A156C:p.I52I,0.3408,rs25672
P48,MDS,8.7,"0/1:53,37:90:99:1006,0,1499",2138654,2138654,T,G,AP3D1,NM_001261826:c.A156C:p.I52I,0.3408,rs25672
P5,MDS,5.9,0/0,2138654,2138654,T,G,AP3D1,NM_001261826:c.A156C:p.I52I,0.3408,rs25672
P50,MDS,NA,"0/1:70,67:137:99:1892,0,1953",2138654,2138654,T,G,AP3D1,NM_001261826:c.A156C:p.I52I,0.3408,rs25672
P51,MDS,4.3,"0/1:63,30:93:99:751,0,1855",2138654,2138654,T,G,AP3D1,NM_001261826:c.A156C:p.I52I,0.3408,rs25672
P6,MDS,10.6,"0/1:86,62:148:99:1688,0,2636",2138654,2138654,T,G,AP3D1,NM_001261826:c.A156C:p.I52I,0.3408,rs25672
P7,MDS,NA,"0/1:61,42:103:99:1167,0,1836",2138654,2138654,T,G,AP3D1,NM_001261826:c.A156C:p.I52I,0.3408,rs25672
P8,MDS,NA,0/0,2138654,2138654,T,G,AP3D1,NM_001261826:c.A156C:p.I52I,0.3408,rs25672
P9,MDS,7.9,0/0,2138654,2138654,T,G,AP3D1,NM_001261826:c.A156C:p.I52I,0.3408,rs25672
C106,MDS or AML,10.8,"0/1:48,52:100:99:1454,0,1359",2138654,2138654,T,G,AP3D1,NM_001261826:c.A156C:p.I52I,0.3408,rs25672
C2,MDS/MPN,9.8,0/0,2138654,2138654,T,G,AP3D1,NM_001261826:c.A156C:p.I52I,0.3408,rs25672
C130,MDS/MPN,7.6,"0/1:52,62:114:99:1747,0,1361",2138654,2138654,T,G,AP3D1,NM_001261826:c.A156C:p.I52I,0.3408,rs25672
C14,MDS/MPN,7.6,"1/1:0,120:120:99:3938,292,0",2138654,2138654,T,G,AP3D1,NM_001261826:c.A156C:p.I52I,0.3408,rs25672
C19,MDS/MPN,NA,0/0,2138654,2138654,T,G,AP3D1,NM_001261826:c.A156C:p.I52I,0.3408,rs25672
C21,MDS/MPN,10.4,0/0,2138654,2138654,T,G,AP3D1,NM_001261826:c.A156C:p.I52I,0.3408,rs25672
C22,MDS/MPN,7.7,0/0,2138654,2138654,T,G,AP3D1,NM_001261826:c.A156C:p.I52I,0.3408,rs25672
C26,MDS/MPN,9.3,"0/1:89,59:148:99:1512,0,2598",2138654,2138654,T,G,AP3D1,NM_001261826:c.A156C:p.I52I,0.3408,rs25672
C28,MDS/MPN,10.4,0/0,2138654,2138654,T,G,AP3D1,NM_001261826:c.A156C:p.I52I,0.3408,rs25672
C3,MDS/MPN,12.3,"1/1:0,133:133:99:4589,340,0",2138654,2138654,T,G,AP3D1,NM_001261826:c.A156C:p.I52I,0.3408,rs25672
C39,MDS/MPN,NA,"0/1:43,44:87:99:1291,0,1072",2138654,2138654,T,G,AP3D1,NM_001261826:c.A156C:p.I52I,0.3408,rs25672
C44,MDS/MPN,10.3,"0/1:65,59:125:99:1648,0,2016",2138654,2138654,T,G,AP3D1,NM_001261826:c.A156C:p.I52I,0.3408,rs25672
C50,MDS/MPN,NA,"0/1:53,57:110:99:1507,0,1579",2138654,2138654,T,G,AP3D1,NM_001261826:c.A156C:p.I52I,0.3408,rs25672
C53,MDS/MPN,11.8,"0/1:82,59:141:99:1735,0,2170",2138654,2138654,T,G,AP3D1,NM_001261826:c.A156C:p.I52I,0.3408,rs25672
C54,MDS/MPN,NA,"0/1:73,63:137:99:1643,0,2214",2138654,2138654,T,G,AP3D1,NM_001261826:c.A156C:p.I52I,0.3408,rs25672
C56,MDS/MPN,8.5,"0/1:65,48:113:99:1372,0,1871",2138654,2138654,T,G,AP3D1,NM_001261826:c.A156C:p.I52I,0.3408,rs25672
C6,MDS/MPN,9,"0/1:77,72:150:99:1929,0,2360",2138654,2138654,T,G,AP3D1,NM_001261826:c.A156C:p.I52I,0.3408,rs25672
C61,MDS/MPN,NA,"0/1:69,61:131:99:1615,0,1803",2138654,2138654,T,G,AP3D1,NM_001261826:c.A156C:p.I52I,0.3408,rs25672
C64,MDS/MPN,11.6,"0/1:157,122:279:99:3436,0,4495",2138654,2138654,T,G,AP3D1,NM_001261826:c.A156C:p.I52I,0.3408,rs25672
C65,MDS/MPN,8.1,"0/1:46,34:80:99:953,0,1371",2138654,2138654,T,G,AP3D1,NM_001261826:c.A156C:p.I52I,0.3408,rs25672
C66,MDS/MPN,11.4,0/0,2138654,2138654,T,G,AP3D1,NM_001261826:c.A156C:p.I52I,0.3408,rs25672
C67,MDS/MPN,10.9,0/0,2138654,2138654,T,G,AP3D1,NM_001261826:c.A156C:p.I52I,0.3408,rs25672
C68,MDS/MPN,9.3,"0/1:76,59:135:99:1764,0,2164",2138654,2138654,T,G,AP3D1,NM_001261826:c.A156C:p.I52I,0.3408,rs25672
C77,MDS/MPN,8.6,0/0,2138654,2138654,T,G,AP3D1,NM_001261826:c.A156C:p.I52I,0.3408,rs25672
C77,MDS/MPN,8.6,0/0,2138654,2138654,T,G,AP3D1,NM_001261826:c.A156C:p.I52I,0.3408,rs25672
C78,MDS/MPN,9.3,"0/1:71,61:132:99:1700,0,2146",2138654,2138654,T,G,AP3D1,NM_001261826:c.A156C:p.I52I,0.3408,rs25672
C78,MDS/MPN,9.3,"0/1:71,61:132:99:1700,0,2146",2138654,2138654,T,G,AP3D1,NM_001261826:c.A156C:p.I52I,0.3408,rs25672
C80,MDS/MPN,8.3,"1/1:0,93:93:99:3179,238,0",2138654,2138654,T,G,AP3D1,NM_001261826:c.A156C:p.I52I,0.3408,rs25672
C84,MDS/MPN,12.2,0/0,2138654,2138654,T,G,AP3D1,NM_001261826:c.A156C:p.I52I,0.3408,rs25672
C115,MPN,12.9,"0/1:68,64:132:99:1868,0,1959",2138654,2138654,T,G,AP3D1,NM_001261826:c.A156C:p.I52I,0.3408,rs25672
C116,MPN,11.5,0/0,2138654,2138654,T,G,AP3D1,NM_001261826:c.A156C:p.I52I,0.3408,rs25672
C24,MPN,9.41,"1/1:0,52:53:99:1597,120,0",2138654,2138654,T,G,AP3D1,NM_001261826:c.A156C:p.I52I,0.3408,rs25672
C4,MPN,8.2,0/0,2138654,2138654,T,G,AP3D1,NM_001261826:c.A156C:p.I52I,0.3408,rs25672
C23,MPN or MDS,NA,0/0,2138654,2138654,T,G,AP3D1,NM_001261826:c.A156C:p.I52I,0.3408,rs25672
C101,PNH,10.9,0/0,2138654,2138654,T,G,AP3D1,NM_001261826:c.A156C:p.I52I,0.3408,rs25672
C103,PNH,11.9,0/0,2138654,2138654,T,G,AP3D1,NM_001261826:c.A156C:p.I52I,0.3408,rs25672
C35,PNH,10.8,"0/1:46,31:77:99:807,0,1384",2138654,2138654,T,G,AP3D1,NM_001261826:c.A156C:p.I52I,0.3408,rs25672
C36,PNH,12.8,"1/1:0,115:115:99:3761,280,0",2138654,2138654,T,G,AP3D1,NM_001261826:c.A156C:p.I52I,0.3408,rs25672
C81,PNH,10.9,"0/1:48,47:95:99:1244,0,1340",2138654,2138654,T,G,AP3D1,NM_001261826:c.A156C:p.I52I,0.3408,rs25672
C82,PNH,8.9,"0/1:51,34:85:99:1076,0,1638",2138654,2138654,T,G,AP3D1,NM_001261826:c.A156C:p.I52I,0.3408,rs25672
