gene,anno,exclude,chr,gWindowStart,gWindowEnd,snp,ldsnp,ldstart,ldend,rcsnp,rcstart,rcend,closestLDsnp,distanceToLD,closestRCsnp,distanceToRC
ABCF1,gwa,,chr6,30429169,30599309,rs2097775,,,,,,,,,,
ABO,gwa,,chr9,136090562,136260630,rs579459,rs579459,136141870,136155000,,,,,,,
ACAD10,gwa,,chr12,112013856,112188121,rs3184504,rs3184504,111833788,112883476,,,,,,,
ACADS,gwa,,chr12,121053570,121217811,rs3829290,rs3829290,121101152,121184931,,,,,,,
ACD,gwa,,chr16,67651414,67804718,rs2271294,rs2271294,67699948,68013471,,,,,,,
ACOXL,gwa,,chr2,111380149,111915799,rs10207392,rs10207392,111843166,111849659,,,,,,,
ACSBG1,gwa,,chr15,78423186,78637049,rs2867932,rs2867932,78591037,78591037,,,,,,,
ACTL6B,gwa,,chr7,100200725,100364084,rs2075672,rs2075672,100235970,100240296,,,,,,,
AIP,gwa,,chr11,67140504,67298579,rs2302264,rs2302264,67197757,67253564,,,,,,,
AK3,gwa,,chr9,4669556,4851309,rs2236496,rs2236496,4843672,4856877,,,,,,,
AKAP10,gwa,,chr17,19767764,19991169,rs888424,rs888424,19985427,20008929,,,,,,,
AKIP1,gwa,,chr11,8822700,8981626,rs11042125,rs11042125,8861543,9029700,,,,,,,
ALAS2,ery,,chrX,54995487,55167497,,,,,,,,,,,
ALDH1A2,gwa,,chr15,58205621,58681462,rs1532085,rs1532085,58680954,58683366,,,,,,,
ALOX5,gwa,,chr10,45759623,45981567,rs901683,rs901683,45947128,46089925,,,,,,,
AMH,gwa,,chr19,2139112,2292072,rs2159213,rs2159213,2131148,2149694,,,,,,,
ANK1,gwa,,chr8,41470743,41864280,rs4737009,rs4737009,41630405,41630447,,,,,,,
ANKRD27,gwa,,chr19,33047906,33276102,rs3892630,rs3892630,33171346,33332952,,,,,,,
ANXA5,gwa,,chr4,122549151,122728147,rs13152701,rs13152701,122687238,122828794,,,,,,,
AP3D1,gwa,,chr19,2060986,2261556,rs2159213,rs2159213,2131148,2149694,,,,,,,
APOPT1,gwa,,chr14,103919298,104097236,rs17616316,,,,rs17616316,103813238,104007751,,,,
APRT,gwa,,chr16,88835876,88988342,rs10445033,rs10445033,88837243,88840462,,,,,,,
AQP9,gwa,,chr15,58320407,58518110,rs1532085,,,,,,,rs1532085,-162844,rs1532085,-151356
ARCN1,ess,,,,,,,,,,,,,,,
ARHGAP27,gwa,,chr17,43431267,43613012,rs12150672,,,,,,,,,,
ARHGEF17,gwa,,chr11,72909662,73120425,rs7125949,rs7125949,73005788,73009432,,,,,,,
ARL17A,gwa,,chr17,43470624,43663697,rs12150672,,,,,,,,,,
ARL5C,gwa,,chr17,37273146,37432414,rs8182252,,,,rs8182252,37370218,38090808,,,,
ASB16,gwa,,chr17,42138073,42296451,rs2269906,rs2269906,42292020,42320732,,,,,,,
ASCL3,gwa,,chr11,8919118,9074580,rs11042125,rs11042125,8861543,9029700,,,,,,,
ATP1B3,gwa,,chr3,141485469,141685382,rs6776003,,,,,,,rs6776003,171336,rs6776003,145737
ATP2B4,gwa,,chr1,203485914,203753209,rs7551442,rs7551442,203649423,203667409,,,,,,,
ATP5A1,gwa,,chr18,43624109,43794199,rs4890633,rs4890633,43743081,43856354,,,,,,,
ATP5O,gwa,,chr21,35235756,35398158,rs2032314,rs2032314,35352165,35355708,,,,,,,
ATR,gwa,,chr3,142128076,142407668,rs13061823,rs13061823,142002786,142295368,,,,,,,
ATXN1,gwa,,chr6,16259342,16871721,rs6914805,rs6914805,16248022,16282518,,,,,,,
ATXN2,gwa,,chr12,111850017,112147480,rs3184504,rs3184504,111833788,112883476,,,,,,,
ATXN7L3,gwa,,chr17,42229172,42385529,rs2269906,rs2269906,42292020,42320732,,,,,,,
BAG5,gwa,,chr14,103982880,104139151,rs17616316,,,,rs17616316,103813238,104007751,,,,
BBS7,gwa,,chr4,122705483,122901652,rs13152701,rs13152701,122687238,122828794,,,,,,,
BCL11A,gwa,,chr2,60638301,60890633,rs243070,rs243070,60603602,60672255,,,,,,,
BCL2L11,gwa,,chr2,111768490,111966022,rs10207392,rs10207392,111843166,111849659,,,,,,,
BMP7,gwa,,chr20,55703808,55951707,rs737092,,,,,,,rs737092,-38698,rs737092,-36474
BMP8A,gwa,,chr1,39847317,40035541,rs3916164,,,,rs3916164,39937695,40096053,,,,
BPIFC,gwa,,chr22,32769833,32963373,rs5749446,rs5749446,32872258,32900216,,,,,,,
BRAP,gwa,,chr12,112039949,112233790,rs3184504,rs3184504,111833788,112883476,,,,,,,
BYSL,gwa,,chr6,41778964,41940784,rs9349204,rs9349204,41914378,41914378,,,,,,,
C11orf16,gwa,,chr11,8901622,9064553,rs11042125,rs11042125,8861543,9029700,,,,,,,
C16orf86,gwa,,chr16,67590716,67742661,rs2271294,rs2271294,67699948,68013471,,,,,,,
C18orf25,gwa,,chr18,43643987,43886955,rs4890633,rs4890633,43743081,43856354,,,,,,,
C6orf118,gwa,,chr6,165653152,165833111,rs736661,,,,,,,rs736661,1151417,rs736661,1149195
C6orf223,gwa,,chr6,43858336,44013694,rs9369427,,,,,,,rs9369427,42972,rs9369427,24946
CABP1,gwa,,chr12,120978309,121145127,rs3829290,rs3829290,121101152,121184931,,,,,,,
CABP2,gwa,,chr11,67246417,67400899,rs2302264,rs2302264,67197757,67253564,,,,,,,
CABP4,gwa,,chr11,67112817,67269245,rs2302264,rs2302264,67197757,67253564,,,,,,,
CACNA1C,gwa,,chr12,2119490,2847115,rs7312105,rs7312105,2517887,2523772,,,,,,,
CACNB1,gwa,,chr17,37289708,37463956,rs8182252,rs8182252,37444036,37727950,,,,,,,
CALR,gwa,,chr19,12939413,13095304,rs741702,rs741702,12999458,13039284,,,,,,,
CARNS1,gwa,,chr11,67073148,67233078,rs2302264,rs2302264,67197757,67253564,,,,,,,
CBFA2T3,gwa,,chr16,88901262,89153504,rs10445033,,,,,,,rs10445033,60800,rs10445033,35595
CCDC116,gwa,,chr22,21877085,22031616,rs5754217,rs5754217,21917239,21984379,,,,,,,
CCDC27,gwa,,chr1,3558964,3728209,rs1175550,rs1175550,3691528,3691727,,,,,,,
CCNA2,gwa,,chr4,122697598,122855088,rs13152701,rs13152701,122687238,122828794,,,,,,,
CCND2,gwa,,chr12,4272901,4454522,rs10849023,rs10849023,4330068,4334308,,,,,,,
CCND3,gwa,,chr6,41862670,42019552,rs9349204,rs9349204,41914378,41914378,,,,,,,
CD164,gwa,,chr6,109647716,109813762,rs1008084,,,,rs1008084,109500953,109652528,,,,
CDAN1,ery,,chr15,42975759,43139417,,,,,,,,rs1532085,-15541537,rs1532085,-15530049
CDC27,gwa,,chr17,45155310,45376665,rs12150672,,,,,,,rs12150672,1328672,rs12150672,1311449
CDK12,gwa,,chr17,37507738,37730800,rs8182252,rs8182252,37444036,37727950,,,,,,,
CDK2AP2,gwa,,chr11,67233960,67385658,rs2302264,rs2302264,67197757,67253564,,,,,,,
CDT1,gwa,,chr16,88760185,88915666,rs10445033,rs10445033,88837243,88840462,,,,,,,
CENPT,gwa,,chr16,67822059,67991361,rs2271294,rs2271294,67699948,68013471,,,,,,,
CEP104,gwa,,chr1,3688644,3883797,rs1175550,rs1175550,3691528,3691727,,,,,,,
CEP89,gwa,,chr19,33329903,33572869,rs3892630,rs3892630,33171346,33332952,,,,,,,
CHAF1A,gwa,,chr19,4292659,4483394,rs732716,rs732716,4363289,4366219,,,,,,,
CHRNB3,gwa,,chr8,42442561,42632209,rs6987853,rs6987853,42383493,42457579,,,,,,,
CHURC1,gwa,,chr14,65271078,65442084,rs7155454,,,,,,,rs7155454,-31112,rs7155454,-27259
CITED2,gwa,,chr6,139653391,139805350,rs590856,,,,rs590856,139802994,139846492,,,,
CKB,gwa,,chr14,103945994,104099196,rs17616316,,,,rs17616316,103813238,104007751,,,,
CLCF1,gwa,,chr11,67091638,67251648,rs2302264,rs2302264,67197757,67253564,,,,,,,
CMPK1,gwa,,chr1,47689468,47884511,rs741959,rs741959,47670525,47707027,,,,,,,
CORO1B,gwa,,chr11,67165517,67321292,rs2302264,rs2302264,67197757,67253564,,,,,,,
COX5A,gwa,,chr15,75172616,75340495,rs8028632,rs8028632,75290377,75380424,,,,,,,
CRABP1,gwa,,chr15,78522665,78680572,rs2867932,rs2867932,78591037,78591037,,,,,,,
CRHR1,gwa,,chr17,43587709,43953194,rs12150672,rs12150672,43826637,43826638,,,,,,,
CSF2RB,gwa,,chr22,37199674,37376479,rs855791,,,,,,,rs855791,-86457,rs855791,-47005
CTCF,gwa,,chr16,67486309,67713088,rs2271294,rs2271294,67699948,68013471,,,,,,,
CTRL,gwa,,chr16,67923472,68075778,rs2271294,rs2271294,67699948,68013471,,,,,,,
DAND5,gwa,,chr19,12970323,13125567,rs741702,rs741702,12999458,13039284,,,,,,,
DDC,gwa,,chr7,50486133,50743154,rs12718598,,,,rs12718598,50333319,50545093,,,,
DDX28,gwa,,chr16,68015176,68167770,rs2271294,,,,rs2271294,67671803,68295598,,,,
DENND4A,gwa,,chr15,65912956,66194631,rs2572207,rs2572207,65998702,66095270,,,,,,,
DFFB,gwa,,chr1,3663844,3841993,rs1175550,rs1175550,3691528,3691727,,,,,,,
DHRS13,gwa,,chr17,27184798,27340089,rs2070265,,,,rs2070265,26870240,27342052,,,,
DNAH17,gwa,,chr17,76379777,76683476,rs4969184,rs4969184,76387244,76406184,,,,,,,
DNAJA4,gwa,,chr15,78446486,78614538,rs2867932,rs2867932,78591037,78591037,,,,,,,
DNASE2,gwa,,chr19,12946024,13102335,rs741702,rs741702,12999458,13039284,,,,,,,
DONSON,gwa,,chr21,34916895,35394703,rs2032314,rs2032314,35352165,35355708,,,,,,,
DOT1L,gwa,,chr19,2101097,2270007,rs2159213,rs2159213,2131148,2149694,,,,,,,
DPEP2,gwa,,chr16,67981292,68143421,rs2271294,rs2271294,67699948,68013471,,,,,,,
DPEP3,gwa,,chr16,67969565,68124452,rs2271294,rs2271294,67699948,68013471,,,,,,,
DPP8,gwa,,chr15,65697997,65920035,rs2572207,,,,rs2572207,65689699,66331150,,,,
DSTYK,gwa,,chr1,205071630,205290727,rs9660992,rs9660992,205246061,205253839,,,,,,,
DUS2,gwa,,chr16,67911649,68153223,rs2271294,,,,,,,,,,
EDC4,gwa,,chr16,67796925,67958417,rs2271294,rs2271294,67699948,68013471,,,,,,,
EIF2S2,ess,,,,,,,,,,,,,,,
EIF5,gwa,,chr14,103690338,103851361,rs17616316,rs17616316,103822762,103847760,,,,,,,
EIF5B,ess,,,,,,,,,,,,,,,
ENKD1,gwa,,chr16,67656849,67810628,rs2271294,rs2271294,67699948,68013471,,,,,,,
EPO,gwa,,chr7,100208422,100361323,rs2075672,rs2075672,100235970,100240296,,,,,,,
EPOR,ery,,chr19,11447880,11605018,,,,,,,,rs741702,-1394440,rs741702,-1334839
ERAL1,gwa,,chr17,27072042,27228072,rs2070265,rs2070265,27072463,27169890,,,,,,,
ERBB2,gwa,,chr17,37734392,37924915,rs8182252,,,,rs8182252,37370218,38090808,,,,
ESRP2,gwa,,chr16,68222449,68380136,rs2271294,,,,rs2271294,67671803,68295598,,,,
EXOSC9,gwa,,chr4,122612471,122778176,rs13152701,rs13152701,122687238,122828794,,,,,,,
FAM109A,gwa,,chr12,111758454,111916925,rs3184504,rs3184504,111833788,112883476,,,,,,,
FAM168A,gwa,,chr11,73077027,73419228,rs7125949,,,,rs7125949,73002433,73315236,,,,
FAM219B,gwa,,chr15,75152327,75309462,rs8028632,rs8028632,75290377,75380424,,,,,,,
FAM222B,gwa,,chr17,27042995,27249453,rs2070265,rs2070265,27072463,27169890,,,,,,,
FARSA,gwa,,chr19,12993283,13154558,rs741702,rs741702,12999458,13039284,,,,,,,
FBXL20,gwa,,chr17,37368896,37667909,rs8182252,rs8182252,37444036,37727950,,,,,,,
FBXO22,gwa,,chr15,76086199,76267608,rs11072566,rs11072566,76140486,76344114,,,,,,,
FBXO24,gwa,,chr7,100077195,100238740,rs2075672,rs2075672,100235970,100240296,,,,,,,
FBXO7,gwa,,chr22,32761223,32934818,rs5749446,rs5749446,32872258,32900216,,,,,,,
FGF23,gwa,,chr12,4437392,4598894,rs10849023,,,,,,,rs10849023,103084,rs10849023,99544
FIGNL1,gwa,,chr7,50471831,50628088,rs12718598,,,,rs12718598,50333319,50545093,,,,
FLOT2,gwa,,chr17,27166356,27334715,rs2070265,rs2070265,27072463,27169890,,,,,,,
FNTB,gwa,,chr14,65343506,65569373,rs7155454,rs7155454,65473196,65502271,,,,,,,
FRS3,gwa,,chr6,41697913,41857630,rs9349204,,,,rs9349204,41709995,41928382,,,,
FSD1,gwa,,chr19,4194590,4363843,rs732716,rs732716,4363289,4366219,,,,,,,
GADD45GIP1,gwa,,chr19,13024969,13178068,rs741702,rs741702,12999458,13039284,,,,,,,
GALNS,gwa,,chr16,88840141,89033374,rs10445033,rs10445033,88837243,88840462,,,,,,,
GATA1,ery,,chrX,48534981,48692717,,,,,,,,,,,
GBGT1,gwa,,chr9,135988339,136149301,rs579459,rs579459,136141870,136155000,,,,,,,
GCDH,gwa,,chr19,12891942,13050813,rs741702,rs741702,12999458,13039284,,,,,,,
GFOD2,gwa,,chr16,67668435,67863273,rs2271294,rs2271294,67699948,68013471,,,,,,,
GIGYF1,gwa,,chr7,100237129,100396870,rs2075672,rs2075672,100235970,100240296,,,,,,,
GK5,gwa,,chr3,141836368,142054449,rs13061823,rs13061823,142002786,142295368,,,,,,,
GMPR,gwa,,chr6,16128810,16335780,rs6914805,rs6914805,16248022,16282518,,,,,,,
GNB2,gwa,,chr7,100161362,100316792,rs2075672,rs2075672,100235970,100240296,,,,,,,
GOSR2,gwa,,chr17,44890485,45058733,rs12150672,,,,,,,rs12150672,1063847,rs12150672,1046624
GOT1,gwa,,chr10,101116626,101300530,rs11190134,rs11190134,101271789,101282200,,,,,,,
GPR152,gwa,,chr11,67178771,67330200,rs2302264,rs2302264,67197757,67253564,,,,,,,
GPX2,gwa,,chr14,65365869,65519623,rs7155454,rs7155454,65473196,65502271,,,,,,,
GPX5,gwa,,chr6,28383788,28542728,rs13219787,rs13219787,27209978,28494225,,,,,,,
GPX6,gwa,,chr6,28431072,28593570,rs13219787,rs13219787,27209978,28494225,,,,,,,
GRK7,gwa,,chr3,141387042,141575892,rs6776003,,,,,,,rs6776003,72909,rs6776003,47310
GRN,gwa,,chr17,42312490,42470470,rs2269906,rs2269906,42292020,42320732,,,,,,,
GSTP1,gwa,,chr11,67241065,67394124,rs2302264,rs2302264,67197757,67253564,,,,,,,
HAUS1,gwa,,chr18,43574297,43748299,rs4890633,rs4890633,43743081,43856354,,,,,,,
HBS1L,gwa,,chr6,135316994,135486036,rs9389269,rs9389269,135426573,135427817,,,,,,,
HDAC5,gwa,,chr17,42114120,42311014,rs2269906,rs2269906,42292020,42320732,,,,,,,
HDGFRP2,gwa,,chr19,4362254,4542222,rs732716,rs732716,4363289,4366219,,,,,,,
HEYL,gwa,,chr1,40049102,40215348,rs3916164,rs3916164,40069939,40073011,,,,,,,
HFE,gwa,,chr6,25977508,26135469,rs1408272,rs1408272,25715657,26098474,,,,,,,
HK1,gwa,,chr10,70919755,71201637,rs10159477,rs10159477,71093392,71106964,,,,,,,
IGDCC3,gwa,,chr15,65579464,65780378,rs2572207,,,,rs2572207,65689699,66331150,,,,
IGDCC4,gwa,,chr15,65633824,65825410,rs2572207,,,,rs2572207,65689699,66331150,,,,
IKZF1,gwa,,chr7,50234377,50512798,rs12718598,rs12718598,50427982,50429442,,,,,,,
IL2RB,gwa,,chr22,37481879,37655962,rs855791,,,,rs855791,37423484,37498731,,,,
IZUMO4,gwa,,chr19,1986867,2139583,rs2159213,rs2159213,2131148,2149694,,,,,,,
KANSL1,gwa,,chr17,44067281,44412740,rs12150672,,,,,,,,,,
KCTD17,gwa,,chr22,37337778,37499430,rs855791,rs855791,37462936,37462936,,,,,,,
KIAA0100,gwa,,chr17,26901457,27082177,rs2070265,rs2070265,27072463,27169890,,,,,,,
KIT,gwa,,chr4,55414094,55646881,rs218238,,,,rs218238,55341282,55430655,,,,
KITLG,gwa,,chr12,88846569,89084250,rs11104870,,,,rs11104870,88681409,88854069,,,,
KLC1,gwa,,chr14,103919298,104192568,rs17616316,,,,rs17616316,103813238,104007751,,,,
KLF1,gwa,,chr19,12955236,13108017,rs741702,rs741702,12999458,13039284,,,,,,,
LAX1,gwa,,chr1,203624283,203785480,rs7551442,rs7551442,203649423,203667409,,,,,,,
LCAT,gwa,,chr16,67933786,68088015,rs2271294,rs2271294,67699948,68013471,,,,,,,
LIPC,gwa,,chr15,58614174,58901073,rs1532085,rs1532085,58680954,58683366,,,,,,,
LRCH4,gwa,,chr7,100131633,100293776,rs2075672,rs2075672,100235970,100240296,,,,,,,
LRRC37A,gwa,,chr17,43587369,43774137,rs12150672,,,,,,,,,,
LRRC37A2,gwa,,chr17,44480075,44673014,rs12150672,,,,,,,,,,
LRRC47,gwa,,chr1,3656783,3823068,rs1175550,rs1175550,3691528,3691727,,,,,,,
LYL1,gwa,,chr19,13169841,13323974,rs741702,,,,,,,rs741702,130557,rs741702,88752
MAPK1,gwa,,chr22,22073946,22331970,rs5754217,,,,,,,rs5754217,89567,rs5754217,84325
MAPT,gwa,,chr17,43861747,44145699,rs12150672,,,,,,,,,,
MARCH8,gwa,,chr10,45912816,46067652,rs901683,rs901683,45947128,46089925,,,,,,,
MARK3,gwa,,chr14,103821893,104010166,rs17616316,rs17616316,103822762,103847760,,,,,,,
MAST1,gwa,,chr19,12839258,13025766,rs741702,rs741702,12999458,13039284,,,,,,,
MAX,gwa,,chr14,65501841,65679262,rs7155454,rs7155454,65473196,65502271,,,,,,,
MED1,gwa,,chr17,37520537,37717527,rs8182252,rs8182252,37444036,37727950,,,,,,,
MED20,gwa,,chr6,41833091,41998877,rs9349204,rs9349204,41914378,41914378,,,,,,,
MED22,gwa,,chr9,136167754,136324972,rs579459,,,,,,,rs579459,12754,rs579459,10234
MKNK2,gwa,,chr19,1997469,2161243,rs2159213,rs2159213,2131148,2149694,,,,,,,
MLEC,gwa,,chr12,121014948,121179667,rs3829290,rs3829290,121101152,121184931,,,,,,,
MOB3A,gwa,,chr19,2031034,2206269,rs2159213,rs2159213,2131148,2149694,,,,,,,
MOSPD3,gwa,,chr7,100099724,100253000,rs2075672,rs2075672,100235970,100240296,,,,,,,
MPND,gwa,,chr19,4233523,4400083,rs732716,rs732716,4363289,4366219,,,,,,,
MPST,gwa,,chr22,37305682,37465863,rs855791,rs855791,37462936,37462936,,,,,,,
MRPS6,gwa,,chr21,35335822,35555334,rs2032314,rs2032314,35352165,35355708,,,,,,,
MTOR,ess,,,,,,,,,,,,,,,
MVD,gwa,,chr16,88678347,88839495,rs10445033,rs10445033,88837243,88840462,,,,,,,
MYB,gwa,,chr6,135392452,135580311,rs9389269,rs9389269,135426573,135427817,,,,,,,
NCAPH2,gwa,,chr22,50836644,51003209,rs140522,rs140522,50971266,50971266,,,,,,,
NEK8,gwa,,chr17,26945831,27109784,rs2070265,rs2070265,27072463,27169890,,,,,,,
NEUROD2,gwa,,chr17,37720020,37874175,rs8182252,rs8182252,37444036,37727950,,,,,,,
NFATC3,gwa,,chr16,68009268,68303162,rs2271294,rs2271294,67699948,68013471,,,,,,,
NFIX,gwa,,chr19,13025394,13249610,rs741702,rs741702,12999458,13039284,,,,,,,
NKAPL,gwa,,chr6,28117074,28268736,rs13219787,rs13219787,27209978,28494225,,,,,,,
NKX2-3,gwa,,chr10,101182689,101336280,rs11190134,rs11190134,101271789,101282200,,,,,,,
NKX6-3,gwa,,chr8,41463828,41753385,rs4737009,rs4737009,41630405,41630447,,,,,,,
NR5A2,gwa,,chr1,199886729,200186550,rs7529925,,,,,,,rs7529925,876008,rs7529925,871650
NRG4,gwa,,chr15,76194327,76414785,rs11072566,rs11072566,76140486,76344114,,,,,,,
NRIP3,gwa,,chr11,8962122,9135596,rs11042125,rs11042125,8861543,9029700,,,,,,,
NRN1L,gwa,,chr16,67808780,67960271,rs2271294,rs2271294,67699948,68013471,,,,,,,
NSF,gwa,,chr17,44558034,44874828,rs12150672,,,,,,,,,,
NT5C1A,gwa,,chr1,40084792,40247710,rs3916164,,,,rs3916164,39937695,40096053,,,,
NUAK2,gwa,,chr1,205231190,205400883,rs9660992,rs9660992,205246061,205253839,,,,,,,
NUDT19,gwa,,chr19,33072866,33244702,rs3892630,rs3892630,33171346,33332952,,,,,,,
NUTF2,gwa,,chr16,67770818,67945219,rs2271294,rs2271294,67699948,68013471,,,,,,,
OBP2B,gwa,,chr9,136040665,136194628,rs579459,rs579459,136141870,136155000,,,,,,,
ODF3B,gwa,,chr22,50928837,51081008,rs140522,rs140522,50971266,50971266,,,,,,,
P2RY6,gwa,,chr11,72865549,73049670,rs7125949,rs7125949,73005788,73009432,,,,,,,
PABPC4,gwa,,chr1,39986484,40152521,rs3916164,rs3916164,40069939,40073011,,,,,,,
PACRG,gwa,,chr6,163038163,163776524,rs736661,,,,,,,rs736661,-681264,rs736661,-675758
PARD6A,gwa,,chr16,67584850,67736681,rs2271294,rs2271294,67699948,68013471,,,,,,,
PARK2,gwa,,chr6,161728589,163258834,rs736661,,,,,,,rs736661,-1198954,rs736661,-1193448
PCOLCE,gwa,,chr7,100089881,100245798,rs2075672,rs2075672,100235970,100240296,,,,,,,
PDE10A,gwa,,chr6,165700775,166185588,rs736661,,,,,,,rs736661,1199040,rs736661,1196818
PDGFRA,gwa,,chr4,54985263,55204412,rs218238,,,,,,,rs218238,-190612,rs218238,-136870
PDZK1IP1,gwa,,chr1,47609260,47765771,rs741959,rs741959,47670525,47707027,,,,,,,
PGBD1,gwa,,chr6,28139313,28310326,rs13219787,rs13219787,27209978,28494225,,,,,,,
PGC,gwa,,chr6,41664448,41825139,rs9349204,,,,rs9349204,41709995,41928382,,,,
PGS1,gwa,,chr17,76264734,76460639,rs4969184,rs4969184,76387244,76406184,,,,,,,
PHF12,gwa,,chr17,27192270,27388508,rs2070265,,,,rs2070265,26870240,27342052,,,,
PIEZO1,gwa,,chr16,88741745,88961372,rs10445033,rs10445033,88837243,88840462,,,,,,,
PITPNM1,gwa,,chr11,67219238,67382843,rs2302264,rs2302264,67197757,67253564,,,,,,,
PLA2G15,gwa,,chr16,68169246,68334961,rs2271294,,,,rs2271294,67671803,68295598,,,,
PLEKHB1,gwa,,chr11,73247222,73413864,rs7125949,,,,rs7125949,73002433,73315236,,,,
PLEKHM1,gwa,,chr17,43473265,43678146,rs12150672,,,,,,,,,,
PLS1,gwa,,chr3,142205228,142472505,rs13061823,rs13061823,142002786,142295368,,,,,,,
PLXDC1,gwa,,chr17,37179555,37417902,rs8182252,,,,rs8182252,37370218,38090808,,,,
PNMT,gwa,,chr17,37714705,37866728,rs8182252,rs8182252,37444036,37727950,,,,,,,
POLD4,gwa,,chr11,67078235,67231067,rs2302264,rs2302264,67197757,67253564,,,,,,,
POM121L2,gwa,,chr6,27236841,27390011,rs13219787,rs13219787,27209978,28494225,,,,,,,
POP5,gwa,,chr12,120976847,121129201,rs3829290,rs3829290,121101152,121184931,,,,,,,
POP7,gwa,,chr7,100193675,100345123,rs2075672,rs2075672,100235970,100240296,,,,,,,
PPCDC,gwa,,chr15,75205926,75383067,rs8028632,rs8028632,75290377,75380424,,,,,,,
PPIL2,gwa,,chr22,21910272,22092202,rs5754217,rs5754217,21917239,21984379,,,,,,,
PPP1CA,gwa,,chr11,67125651,67279376,rs2302264,rs2302264,67197757,67253564,,,,,,,
PPP1R1B,gwa,,chr17,37673176,37832878,rs8182252,rs8182252,37444036,37727950,,,,,,,
PRDX2,gwa,,chr19,12867633,13022724,rs741702,rs741702,12999458,13039284,,,,,,,
PRICKLE4,gwa,,chr6,41638499,41795563,rs9349204,,,,rs9349204,41709995,41928382,,,,
PRKAG2,gwa,,chr7,151213200,151621957,rs10480300,rs10480300,151405818,151413124,,,,,,,
PRKCE,gwa,,chr2,45769042,46455129,rs4953318,rs4953318,46355051,46355051,,,,,,,
PRMT7,gwa,,chr16,68234876,68431169,rs2271294,,,,rs2271294,67671803,68295598,,,,
PROCA1,gwa,,chr17,26990533,27148872,rs2070265,rs2070265,27072463,27169890,,,,,,,
PRR3,gwa,,chr6,30414485,30572473,rs2097775,,,,,,,,,,
PRSS16,gwa,,chr6,27106625,27260728,rs13219787,rs13219787,27209978,28494225,,,,,,,
PSKH1,gwa,,chr16,67817174,68003581,rs2271294,rs2271294,67699948,68013471,,,,,,,
PSMA1,ess,,,,,,,,,,,,,,,
PSMB10,gwa,,chr16,67924628,68080780,rs2271294,rs2271294,67699948,68013471,,,,,,,
PSMB2,ess,,,,,,,,,,,,,,,
PSMD1,ess,,,,,,,,,,,,,,,
PSTPIP2,gwa,,chr18,43523501,43762250,rs4890633,rs4890633,43743081,43856354,,,,,,,
PTPRC,gwa,,chr1,198498097,198766605,rs7529925,,,,,,,rs7529925,-223889,rs7529925,-6865
PTPRCAP,gwa,,chr11,67162980,67315153,rs2302264,rs2302264,67197757,67253564,,,,,,,
QKI,gwa,,chr6,163725674,164039628,rs736661,,,,,,,rs736661,-418160,rs736661,-412654
RAB11A,gwa,,chr15,66051796,66224329,rs2572207,rs2572207,65998702,66095270,,,,,,,
RAB15,gwa,,chr14,65372531,65548875,rs7155454,rs7155454,65473196,65502271,,,,,,,
RAB34,gwa,,chr17,27001298,27155286,rs2070265,rs2070265,27072463,27169890,,,,,,,
RAD23A,gwa,,chr19,12946627,13104457,rs741702,rs741702,12999458,13039284,,,,,,,
RAD9A,gwa,,chr11,67049422,67205883,rs2302264,rs2302264,67197757,67253564,,,,,,,
RAE1,gwa,,chr20,55816144,55993519,rs737092,rs737092,55990405,55991637,,,,,,,
RALGDS,gwa,,chr9,135933106,136149301,rs579459,rs579459,136141870,136155000,,,,,,,
RAN,ess,,,,,,,,,,,,,,,
RANBP10,gwa,,chr16,67717004,67950555,rs2271294,rs2271294,67699948,68013471,,,,,,,
RASA2,gwa,,chr3,141095925,141371197,rs6776003,rs6776003,141207575,141314133,,,,,,,
RBM24,gwa,,chr6,17171808,17334099,rs6914805,,,,,,,rs6914805,889290,rs6914805,875101
RBM38,gwa,,chr20,55856453,56024386,rs737092,rs737092,55990405,55991637,,,,,,,
RCL1,gwa,,chr9,4682833,4901064,rs2236496,rs2236496,4843672,4856877,,,,,,,
RELT,gwa,,chr11,72977404,73148519,rs7125949,rs7125949,73005788,73009432,,,,,,,
RGS9BP,gwa,,chr19,33056312,33209206,rs3892630,rs3892630,33171346,33332952,,,,,,,
RIMBP3C,gwa,,chr22,21859957,22015750,rs5754217,rs5754217,21917239,21984379,,,,,,,
RLTPR,gwa,,chr16,67569029,67731472,rs2271294,rs2271294,67699948,68013471,,,,,,,
RNF165,gwa,,chr18,43804186,44080783,rs4890633,rs4890633,43743081,43856354,,,,,,,
RNF166,gwa,,chr16,88722902,88880025,rs10445033,rs10445033,88837243,88840462,,,,,,,
RNF7,gwa,,chr3,141347050,141505645,rs6776003,,,,,,,rs6776003,32917,rs6776003,7318
RPL19,gwa,,chr17,37246535,37400980,rs8182252,,,,rs8182252,37370218,38090808,,,,
RPL23A,gwa,,chr17,26936999,27091374,rs2070265,rs2070265,27072463,27169890,,,,,,,
RPL27A,gwa,,chr11,8593994,8751419,rs11042125,,,,,,,rs11042125,-110124,rs11042125,-74346
RPL5,ery,,chr1,93187593,93347481,,,,,,,,rs741959,45480566,rs741959,45477042
RPL7A,gwa,,chr9,136105068,136258280,rs579459,rs579459,136141870,136155000,,,,,,,
RPP21,gwa,,chr6,30202905,30354635,rs2097775,rs2097775,30354303,30354304,,,,,,,
RPP25,gwa,,chr15,75207442,75359775,rs8028632,rs8028632,75290377,75380424,,,,,,,
RPS11,ess,,,,,,,,,,,,,,,
RPS15A,ess,,,,,,,,,,,,,,,
RPS19,ery,,chr19,42253987,42415484,,,,,,,,rs3892630,8921035,rs3892630,8896310
RPS4X,ess,,,,,,,,,,,,,,,
RPS6KB2,gwa,,chr11,67085934,67242879,rs2302264,rs2302264,67197757,67253564,,,,,,,
RPS7,ess,,,,,,,,,,,,,,,
RPS9,ess,,,,,,,,,,,,,,,
RTBDN,gwa,,chr19,12896290,13056242,rs741702,rs741702,12999458,13039284,,,,,,,
RTCB,gwa,,chr22,32743561,32918274,rs5749446,rs5749446,32872258,32900216,,,,,,,
RUNDC3A,gwa,,chr17,42275926,42435238,rs2269906,rs2269906,42292020,42320732,,,,,,,
SBF2,gwa,,chr11,9760213,10425754,rs7936461,rs7936461,9995489,10059229,,,,,,,
SCAMP5,gwa,,chr15,75177875,75353836,rs8028632,rs8028632,75290377,75380424,,,,,,,
SCGN,gwa,,chr6,25542428,25742008,rs1408272,rs1408272,25715657,26098474,,,,,,,
SCO2,gwa,,chr22,50921996,51074905,rs140522,rs140522,50971266,50971266,,,,,,,
SCUBE2,gwa,,chr11,9001046,9223150,rs11042125,rs11042125,8861543,9029700,,,,,,,
SDF2,gwa,,chr17,26935373,27099190,rs2070265,rs2070265,27072463,27169890,,,,,,,
SDF2L1,gwa,,chr22,21886541,22038588,rs5754217,rs5754217,21917239,21984379,,,,,,,
SEC23B,ery,,chr20,18378187,18582059,,,,,,,,rs737092,-37408346,rs737092,-37406122
SF3A2,gwa,,chr19,2126815,2288678,rs2159213,rs2159213,2131148,2149694,,,,,,,
SH2B3,gwa,,chr12,111733751,111929427,rs3184504,rs3184504,111833788,112883476,,,,,,,
SH3GL1,gwa,,chr19,4320363,4510565,rs732716,rs732716,4363289,4366219,,,,,,,
SLC10A1,gwa,,chr14,70202551,70374006,rs11627546,rs11627546,70359772,70379713,,,,,,,
SLC12A4,gwa,,chr16,67937376,68112597,rs2271294,rs2271294,67699948,68013471,,,,,,,
SLC17A1,gwa,,chr6,25743125,25942287,rs1408272,rs1408272,25715657,26098474,,,,,,,
SLC17A2,gwa,,chr6,25872983,26040946,rs1408272,rs1408272,25715657,26098474,,,,,,,
SLC17A3,gwa,,chr6,25805327,25984471,rs1408272,rs1408272,25715657,26098474,,,,,,,
SLC17A4,gwa,,chr6,25644926,25821403,rs1408272,rs1408272,25715657,26098474,,,,,,,
SLC20A2,gwa,,chr8,42233979,42506655,rs6987853,rs6987853,42383493,42457579,,,,,,,
SLC24A1,gwa,,chr15,65804269,65988598,rs2572207,,,,rs2572207,65689699,66331150,,,,
SLC4A1,gwa,,chr17,42285757,42455502,rs2269906,rs2269906,42292020,42320732,,,,,,,
SLC51A,gwa,,chr3,195833382,196000301,rs11717368,rs11717368,195834303,195834357,,,,,,,
SLC5A3,gwa,,chr21,35335822,35518561,rs2032314,rs2032314,35352165,35355708,,,,,,,
SLC7A6,gwa,,chr16,68188418,68375726,rs2271294,,,,rs2271294,67671803,68295598,,,,
SLC7A9,gwa,,chr19,33281418,33470683,rs3892630,rs3892630,33171346,33332952,,,,,,,
SMIM1,gwa,,chr1,3579351,3732546,rs1175550,rs1175550,3691528,3691727,,,,,,,
SMIM19,gwa,,chr8,42286717,42448140,rs6987853,rs6987853,42383493,42457579,,,,,,,
SMOC1,gwa,,chr14,70236113,70539083,rs11627546,rs11627546,70359772,70379713,,,,,,,
SNAI3,gwa,,chr16,88704089,88862882,rs10445033,rs10445033,88837243,88840462,,,,,,,
SNRPE,ess,,chr1,203720739,203880280,,,,,,,,rs7551442,53330,rs7551442,17433
SNU13,ess,,,,,,,,,,,,,,,
SOCS3,gwa,,chr17,76312858,76466158,rs4969184,rs4969184,76387244,76406184,,,,,,,
SPECC1,gwa,,chr17,19949306,20258072,rs888424,rs888424,19985427,20008929,,,,,,,
SPPL2C,gwa,,chr17,43812255,43964438,rs12150672,rs12150672,43826637,43826638,,,,,,,
SPPL3,gwa,,chr12,121160312,121452155,rs3829290,rs3829290,121101152,121184931,,,,,,,
SPTA1,gwa,,chr1,158540495,158766506,rs857684,rs857684,158569874,158587143,,,,,,,
ST5,gwa,,chr11,8674898,9042498,rs11042125,rs11042125,8861543,9029700,,,,,,,
STAC2,gwa,,chr17,37326788,37492040,rs8182252,rs8182252,37444036,37727950,,,,,,,
STAP2,gwa,,chr19,4284039,4448941,rs732716,rs732716,4363289,4366219,,,,,,,
STARD3,gwa,,chr17,37683332,37860454,rs8182252,rs8182252,37444036,37727950,,,,,,,
STH,gwa,,chr17,43966615,44117060,rs12150672,,,,,,,,,,
STIL,gwa,,chr1,47675810,47889819,rs741959,rs741959,47670525,47707027,,,,,,,
STKLD1,gwa,,chr9,136085788,136260630,rs579459,,,,,,,,,,
SURF1,gwa,,chr9,136178665,136333361,rs579459,,,,,,,rs579459,23665,rs579459,21145
SURF2,gwa,,chr9,136113420,136268040,rs579459,rs579459,136141870,136155000,,,,,,,
SURF4,gwa,,chr9,136188339,136352970,rs579459,,,,,,,rs579459,33339,rs579459,30819
SURF6,gwa,,chr9,136157551,136313047,rs579459,,,,,,,rs579459,2551,rs579459,31
SYCE2,gwa,,chr19,12969893,13140086,rs741702,rs741702,12999458,13039284,,,,,,,
SYN3,gwa,,chr22,32868539,33512809,rs5749446,rs5749446,32872258,32900216,,,,,,,
TACR2,gwa,,chr10,71123957,71286674,rs10159477,,,,rs10159477,71084360,71138000,,,,
TAF8,gwa,,chr6,41908250,42088644,rs9349204,rs9349204,41914378,41914378,,,,,,,
TAL1,gwa,,chr1,47641962,47805443,rs741959,rs741959,47670525,47707027,,,,,,,
TBC1D10C,gwa,,chr11,67061383,67217561,rs2302264,rs2302264,67197757,67253564,,,,,,,
TCAP,gwa,,chr17,37711598,37862807,rs8182252,rs8182252,37444036,37727950,,,,,,,
TDRD12,gwa,,chr19,33100678,33321714,rs3892630,rs3892630,33171346,33332952,,,,,,,
TEX33,gwa,,chr22,37347159,37513877,rs855791,rs855791,37462936,37462936,,,,,,,
TFDP2,gwa,,chr3,141623269,141978386,rs13061823,,,,,,,rs13061823,-24400,rs13061823,-23038
TFEB,gwa,,chr6,41611715,41812798,rs9349204,,,,rs9349204,41709995,41928382,,,,
TFR2,gwa,,chr7,100178038,100349201,rs2075672,rs2075672,100235970,100240296,,,,,,,
TFRC,gwa,,chr3,195736154,195918961,rs11717368,rs11717368,195834303,195834357,,,,,,,
THAP11,gwa,,chr16,67766212,67918098,rs2271294,rs2271294,67699948,68013471,,,,,,,
THRB,gwa,,chr3,24118644,24646313,rs9310736,rs9310736,24347800,24350811,,,,,,,
TIMP3,gwa,,chr22,33086801,33299028,rs5749446,,,,,,,rs5749446,186585,rs5749446,166111
TLCD1,gwa,,chr17,27011365,27163230,rs2070265,rs2070265,27072463,27169890,,,,,,,
TMCC2,gwa,,chr1,205087037,205282471,rs9660992,rs9660992,205246061,205253839,,,,,,,
TMEM134,gwa,,chr11,67191818,67346748,rs2302264,rs2302264,67197757,67253564,,,,,,,
TMEM155,gwa,,chr4,122640084,122796340,rs13152701,rs13152701,122687238,122828794,,,,,,,
TMEM9B,gwa,,chr11,8928839,9095989,rs11042125,rs11042125,8861543,9029700,,,,,,,
TMIGD2,gwa,,chr19,4252224,4412428,rs732716,rs732716,4363289,4366219,,,,,,,
TMPRSS6,gwa,,chr22,37421478,37609693,rs855791,rs855791,37462936,37462936,,,,,,,
TMTC3,gwa,,chr12,88426072,88633664,rs11104870,,,,,,,rs11104870,-89132,rs11104870,-47745
TMUB2,gwa,,chr17,42154353,42309099,rs2269906,rs2269906,42292020,42320732,,,,,,,
TOMM6,gwa,,chr6,41644499,41797634,rs9349204,,,,rs9349204,41709995,41928382,,,,
TP73,gwa,,chr1,3459128,3692765,rs1175550,rs1175550,3691528,3691727,,,,,,,
TRAF4,gwa,,chr17,26961022,27117976,rs2070265,rs2070265,27072463,27169890,,,,,,,
TRAPPC2L,gwa,,chr16,88813505,88967520,rs10445033,rs10445033,88837243,88840462,,,,,,,
TRIM38,gwa,,chr6,25852916,26027557,rs1408272,rs1408272,25715657,26098474,,,,,,,
TRIM39,gwa,,chr6,30184620,30351506,rs2097775,,,,rs2097775,30316789,30366100,,,,
TRIM58,gwa,,chr1,247910500,248083438,rs3811444,rs3811444,248038210,248039451,,,,,,,
TRMT61A,gwa,,chr14,103885508,104043410,rs17616316,,,,rs17616316,103813238,104007751,,,,
TRPC3,gwa,,chr4,122760182,122982909,rs13152701,rs13152701,122687238,122828794,,,,,,,
TSNAXIP1,gwa,,chr16,67731009,67901971,rs2271294,rs2271294,67699948,68013471,,,,,,,
TSPAN15,gwa,,chr10,71101225,71307423,rs10159477,rs10159477,71093392,71106964,,,,,,,
TST,gwa,,chr22,37366899,37526224,rs855791,rs855791,37462936,37462936,,,,,,,
TYMP,gwa,,chr22,50924180,51078514,rs140522,rs140522,50971266,50971266,,,,,,,
UBE2L3,gwa,,chr22,21811835,22018323,rs5754217,rs5754217,21917239,21984379,,,,,,,
UBE2Q2,gwa,,chr15,76025621,76233388,rs11072566,rs11072566,76140486,76344114,,,,,,,
UBTF,gwa,,chr17,42242400,42407041,rs2269906,rs2269906,42292020,42320732,,,,,,,
UBXN6,gwa,,chr19,4405002,4565295,rs732716,,,,rs732716,4349415,4468042,,,,
UNC119B,gwa,,chr12,121038237,121201443,rs3829290,rs3829290,121101152,121184931,,,,,,,
USP49,gwa,,chr6,41725382,41973099,rs9349204,rs9349204,41914378,41914378,,,,,,,
VEGFA,gwa,,chr6,43627945,43794223,rs9369427,,,,,,,rs9369427,-16751,rs9369427,-7430
VWA9,gwa,,chr15,65831095,66013627,rs2572207,rs2572207,65998702,66095270,,,,,,,
WDR61,gwa,,chr15,78535577,78701940,rs2867932,rs2867932,78591037,78591037,,,,,,,
WNT3,gwa,,chr17,44799871,45006126,rs12150672,,,,,,,,,,
WNT9B,gwa,,chr17,44818967,44994437,rs12150672,,,,,,,,,,
XRN1,gwa,,chr3,141985448,142276853,rs13061823,rs13061823,142002786,142295368,,,,,,,
YDJC,gwa,,chr22,21942377,22094340,rs5754217,rs5754217,21917239,21984379,,,,,,,
ZAN,gwa,,chr7,100221248,100435419,rs2075672,rs2075672,100235970,100240296,,,,,,,
ZBTB38,gwa,,chr3,140933054,141208632,rs6776003,rs6776003,141207575,141314133,,,,,,,
ZC3H11A,gwa,,chr1,203654750,203863256,rs7551442,rs7551442,203649423,203667409,,,,,,,
ZDHHC19,gwa,,chr3,195884322,196048300,rs11717368,,,,,,,rs11717368,49965,rs11717368,19299
ZFAND4,gwa,,chr10,46071038,46278251,rs901683,rs901683,45947128,46089925,,,,,,,
ZFPM1,ery,,chr16,88410013,88641574,,,,,,,,rs10445033,-195669,rs10445033,-172929
ZKSCAN3,gwa,,chr6,28207690,28376954,rs13219787,rs13219787,27209978,28494225,,,,,,,
ZKSCAN4,gwa,,chr6,28172489,28330002,rs13219787,rs13219787,27209978,28494225,,,,,,,
ZKSCAN8,gwa,,chr6,27999687,28167250,rs13219787,rs13219787,27209978,28494225,,,,,,,
ZNF165,gwa,,chr6,27938481,28097340,rs13219787,rs13219787,27209978,28494225,,,,,,,
ZNF184,gwa,,chr6,27378520,27550897,rs13219787,rs13219787,27209978,28494225,,,,,,,
ZNF391,gwa,,chr6,27246523,27409227,rs13219787,rs13219787,27209978,28494225,,,,,,,
ZSCAN12,gwa,,chr6,28316726,28477544,rs13219787,rs13219787,27209978,28494225,,,,,,,
ZSCAN16,gwa,,chr6,27982386,28137856,rs13219787,rs13219787,27209978,28494225,,,,,,,
ZSCAN23,gwa,,chr6,28360431,28521279,rs13219787,rs13219787,27209978,28494225,,,,,,,
ZSCAN26,gwa,,chr6,28124787,28285980,rs13219787,rs13219787,27209978,28494225,,,,,,,
ZSCAN31,gwa,,chr6,28252514,28414152,rs13219787,rs13219787,27209978,28494225,,,,,,,
ZSCAN9,gwa,,chr6,28083028,28241264,rs13219787,rs13219787,27209978,28494225,,,,,,,
clonetechGfp,neg,,,,,,,,,,,,,,,
lacZ,neg,,,,,,,,,,,,,,,
promegaLuc,neg,,,,,,,,,,,,,,,
promegaLuc.1,neg,,,,,,,,,,,,,,,
rfp,neg,,,,,,,,,,,,,,,
rfp.1,neg,,,,,,,,,,,,,,,
turboGfp,neg,,,,,,,,,,,,,,,
