gene,intercept,betaDur,pval,qval,type,snp
ABCF1,0.3520971079,-0.0515402737,0.3635311392,0.3062317681,gwa,rs2097775
ABO,0.3492608185,-0.0252726896,0.4621216663,0.3535321269,gwa,rs579459
ACAD10,0.1233346621,-0.0624935063,0.3541271773,0.3051677505,gwa,rs3184504
ACADS,0.0413354711,-0.0864873147,0.1090411709,0.1505014785,gwa,rs3829290
ACD,0.403891614,0.0437727215,0.2938666992,0.2675921121,gwa,rs2271294
ACOXL,0.2189720339,0.012813537,0.7110052621,0.4512672044,gwa,rs10207392
ACSBG1,0.3982399104,0.0052606771,0.8687882003,0.4992694464,gwa,rs2867932
ACTL6B,0.3793556137,-0.0629695173,0.2531488927,0.2475529362,gwa,rs2075672
AIP,0.1291975134,-0.0315476722,0.4879084871,0.3609812753,gwa,rs2302264
AK3,-0.025508446,-0.1097982645,0.0564751338,0.1064195019,gwa,rs2236496
AKAP10,-0.036064991,0.0211580279,0.7800356248,0.4694505872,gwa,rs888424
AKIP1,-0.0043892295,-0.0860109517,0.1095705865,0.1505014785,gwa,rs11042125
ALAS2,0.4127023333,-0.1520471224,2.08595980894694E-05,0.000223412,ery,
ALDH1A2,-0.0523179375,-0.1181567227,0.2876327662,0.2640536405,gwa,rs1532085
ALOX5,0.1489450479,-0.0649054405,0.0431960429,0.0959150515,gwa,rs901683
AMH,0.0326463224,0.0687261516,0.2377805375,0.2387526342,gwa,rs2159213
ANK1,0.2530565746,-0.1179474989,0.0485986374,0.0986682341,gwa,rs4737009
ANKRD27,0.0314520761,-0.1865960224,1.56943540527069E-11,3.92211950415306E-10,gwa,rs3892630
ANXA5,0.2981032086,-0.0359695139,0.5143595466,0.3660998982,gwa,rs13152701
AP3D1,0.0328757884,-0.0820983304,0.0869743245,0.1339855904,gwa,rs2159213
APOPT1,0.0020607609,-0.1553961574,0.0011596646,0.0068638643,gwa,rs17616316
APRT,0.3505437798,0.0858944741,0.0347113863,0.0877206493,gwa,rs10445033
AQP9,0.317467376,0.014696544,0.8243926189,0.4866637574,gwa,rs1532085
ARCN1,-0.2416551802,-0.4166709305,0.0002285851,0.0015579512,ess,
ARHGAP27,0.0998814044,-0.163997455,0.0660948287,0.1143520659,gwa,rs12150672
ARHGEF17,0.3039733434,-0.0004457484,0.9901577411,0.5368765908,gwa,rs7125949
ARL17A,0.4777641301,-0.0724166917,0.1042240884,0.1493098085,gwa,rs12150672
ARL5C,-0.1007270336,-0.1888332703,3.49576354412931E-07,5.61608793430802E-06,gwa,rs8182252
ASB16,0.1863163211,-0.0004850115,0.9900105086,0.5368765908,gwa,rs2269906
ASCL3,0.300012164,0.0121408933,0.7209616669,0.4516870209,gwa,rs11042125
ATP1B3,0.1208523902,-0.1164518114,0.0614021705,0.1100237812,gwa,rs6776003
ATP2B4,0.025613799,-0.1432177228,0.0043188247,0.0175895435,gwa,rs7551442
ATP5A1,0.2160122778,-0.0451252633,0.4674908133,0.3540271081,gwa,rs4890633
ATP5O,0.2800571631,-0.053809666,0.4078737878,0.3264670554,gwa,rs2032314
ATR,0.1905612583,-0.0709080722,0.4847831863,0.3598527337,gwa,rs13061823
ATXN1,0.2594046721,-0.0387322398,0.5306785516,0.3718316798,gwa,rs6914805
ATXN2,-0.018567203,-0.0223440263,0.7030455789,0.4492216761,gwa,rs3184504
ATXN7L3,0.0107191819,-0.1542731537,4.17760290457191E-07,6.26405818714226E-06,gwa,rs2269906
BAG5,0.1966430043,-0.078863565,0.0841565463,0.1332967147,gwa,rs17616316
BBS7,0.0692454939,-0.0686286148,0.0989335988,0.1435595191,gwa,rs13152701
BCL11A,0.1948810927,-0.0261024336,0.5021953726,0.3644135534,gwa,rs243070
BCL2L11,-0.1639399654,0.0482983384,0.1198750532,0.1614478358,gwa,rs10207392
BMP7,0.0446554534,-0.0676824304,0.2663708203,0.2582370484,gwa,rs737092
BMP8A,0.1036822025,-0.0763807905,0.2821106484,0.2600456172,gwa,rs3916164
BPIFC,0.2298250084,-0.0435224976,0.2047363371,0.2203274099,gwa,rs5749446
BRAP,0.0303840541,-0.0228998939,0.5478113669,0.3791120288,gwa,rs3184504
BYSL,0.0880535286,-0.1108354545,0.188162703,0.2097179786,gwa,rs9349204
C11orf16,0.3445354274,-0.0303434574,0.5963435956,0.4003793207,gwa,rs11042125
C16orf86,-0.1416229837,-0.2150537638,0.0031209736,0.0146240865,gwa,rs2271294
C18orf25,0.1592210381,-0.0145620031,0.8068540634,0.4800904605,gwa,rs4890633
C6orf118,0.2096125394,-0.1021818777,0.2815784781,0.2600456172,gwa,rs736661
C6orf223,0.3249117439,0.0291905851,0.6673970568,0.4338384843,gwa,rs9369427
CABP1,0.2158678483,0.0050243542,0.947964033,0.527752599,gwa,rs3829290
CABP2,0.4095265665,0.0263186832,0.569077541,0.3896168537,gwa,rs2302264
CABP4,0.0174584015,0.0278636783,0.3578243805,0.3061733627,gwa,rs2302264
CACNA1C,0.2963950119,0.0040478239,0.9319096282,0.520931019,gwa,rs7312105
CACNB1,0.0483441823,-0.0092976812,0.7152841311,0.4512672044,gwa,rs8182252
CALR,0.2308464914,-0.0462006891,0.5125055516,0.3660998982,gwa,rs741702
CARNS1,-0.1065816403,-0.163943571,0.0002589669,0.0017131099,gwa,rs2302264
CBFA2T3,0.3537081074,-0.121577572,0.0137381727,0.0417558317,gwa,rs10445033
CCDC116,0.3824229966,-0.0412352097,0.5168757414,0.3667302829,gwa,rs5754217
CCDC27,0.3765949628,0.004294152,0.9186499785,0.515969005,gwa,rs1175550
CCNA2,-0.0294065092,0.0243904218,0.5944241198,0.4003793207,gwa,rs13152701
CCND2,0.1170599727,-0.0235719554,0.7388452663,0.4552820379,gwa,rs10849023
CCND3,-0.2479930128,-0.1891475894,1.43060510092846E-05,0.0001608828,gwa,rs9349204
CD164,0.346265958,-0.0849197099,0.2759026735,0.2596437624,gwa,rs1008084
CDAN1,0.2080217591,0.016243535,0.8011656054,0.4779702128,ery,
CDC27,0.0871309336,-0.1333428916,0.1341700866,0.1682472785,gwa,rs12150672
CDK12,-0.1424881672,-0.0443990425,0.1995106061,0.2171500673,gwa,rs8182252
CDK2AP2,0.0360207243,-0.0735170786,0.4326358205,0.3414267156,gwa,rs2302264
CDT1,-0.1741135937,-0.1334930951,0.0735372725,0.122516233,gwa,rs10445033
CENPT,0.2867413048,-0.0775307368,0.3979145524,0.3219325668,gwa,rs2271294
CEP104,0.0255136792,-0.2091046058,0.0041025386,0.0174099168,gwa,rs1175550
CEP89,0.4508925297,0.0002370995,0.9966330555,0.5387925875,gwa,rs3892630
CHAF1A,-0.0322516913,-0.1792712563,0.016081272,0.0463709167,gwa,rs732716
CHRNB3,-0.1009312672,-0.1255610095,4.49756962648972E-05,0.0003746571,gwa,rs6987853
CHURC1,0.2871888023,-0.0749986598,0.2758541162,0.2596437624,gwa,rs7155454
CITED2,0.1251680374,-0.0819617386,0.0974586484,0.1430825626,gwa,rs590856
CKB,-0.0482295759,-0.0244966503,0.6191509085,0.4120023566,gwa,rs17616316
CLCF1,0.490549288,0.0298750649,0.3870106319,0.3178602045,gwa,rs2302264
clonetechGfp,0.3085336342,0.014454847,0.2282631935,0.2328589697,neg,
CMPK1,0.1702883982,-0.0501005309,0.247878944,0.2456029992,gwa,rs741959
CORO1B,-0.0752527677,-0.0656324466,0.3098584295,0.2776575452,gwa,rs2302264
COX5A,0.3112819106,-0.0192202294,0.7825237341,0.4694505872,gwa,rs8028632
CRABP1,0.1694578709,-0.0264269255,0.4560460531,0.3532632246,gwa,rs2867932
CRHR1,0.1400624607,-0.0537178939,0.4310760213,0.3413936286,gwa,rs12150672
CSF2RB,0.0408083446,-0.2133837059,0.0066014146,0.0239325273,gwa,rs855791
CTCF,-0.127204626,-0.1043388452,0.0921314532,0.1381454382,gwa,rs2271294
CTRL,0.294232629,-0.17887707,0.0001011138,0.0007842101,gwa,rs2271294
DAND5,0.1017780123,-0.0558995326,0.4710834599,0.3548120782,gwa,rs741702
DDC,0.0760030037,-0.0539651693,0.347791953,0.3008611196,gwa,rs12718598
DDX28,0.0444573461,-0.085025162,0.3588960504,0.3061733627,gwa,rs2271294
DENND4A,0.3192937701,-0.0526721974,0.4764824542,0.3571910449,gwa,rs2572207
DFFB,0.0835150893,-0.112606284,0.003244859,0.014894284,gwa,rs1175550
DHRS13,0.2012794185,-0.0432765151,0.0361030867,0.0902239238,gwa,rs2070265
DNAH17,0.4035957701,-0.009670333,0.8939382854,0.5103066192,gwa,rs4969184
DNAJA4,0.0226966601,-0.0640948742,0.3846859246,0.3178602045,gwa,rs2867932
DNASE2,-0.0628484075,-0.0459980978,0.060089327,0.1095175748,gwa,rs741702
DONSON,-0.0615462242,-0.1834502999,0.0211779643,0.059540724,gwa,rs2032314
DOT1L,0.1206005413,0.0610210121,0.0731845001,0.122516233,gwa,rs2159213
DPEP2,0.2141859528,-0.0085976639,0.8650706978,0.4992694464,gwa,rs2271294
DPEP3,0.4778959944,-0.0065306565,0.8432919294,0.4952210036,gwa,rs2271294
DPP8,0.0841592089,0.0039063682,0.9095862001,0.5127325077,gwa,rs2572207
DSTYK,0.050738128,-0.0866183288,0.097968745,0.1430825626,gwa,rs9660992
DUS2,0.1785979163,-0.1398282006,0.0036272554,0.0157839229,gwa,rs2271294
EDC4,0.5042926755,-0.0520482063,0.3612780787,0.3062317681,gwa,rs2271294
EIF2S2,-0.1679283676,-0.3105341656,0.0147975779,0.044376113,ess,
EIF5,0.1461214498,0.0650802298,0.1338033855,0.1682472785,gwa,rs17616316
EIF5B,-0.1819847692,-0.5402856316,5.00810266658879E-32,2.25280242478497E-30,ess,
ENKD1,-0.0248583064,0.0284707264,0.4160882223,0.3306883333,gwa,rs2271294
EPO,0.1562205635,-0.0127734368,0.7350276483,0.4549534443,gwa,rs2075672
EPOR,0.1001080574,-0.3488248966,8.75214523710565E-06,0.000103605,ery,
ERAL1,0.3372818523,0.0151465688,0.728890524,0.4542615657,gwa,rs2070265
ERBB2,0.0489640955,-0.2254337323,6.75755915636747E-05,0.0005428148,gwa,rs8182252
ESRP2,0.4197065999,-0.0557069654,0.1573636368,0.1882636266,gwa,rs2271294
EXOSC9,0.0893349362,-0.2185179592,0.0095659603,0.0311816698,gwa,rs13152701
FAM109A,0.2368254243,-0.1060058109,0.0567783257,0.1064195019,gwa,rs3184504
FAM168A,-0.1283627099,-0.0339390406,0.3864906869,0.3178602045,gwa,rs7125949
FAM219B,0.4304650097,-0.0431658573,0.2737108343,0.2596437624,gwa,rs8028632
FAM222B,0.2514670518,-0.0876366409,0.0025362814,0.0125958201,gwa,rs2070265
FARSA,0.1629139096,-0.068394272,0.2408183584,0.240728195,gwa,rs741702
FBXL20,-0.0322563287,-0.1898564836,0.0068100241,0.0239325273,gwa,rs8182252
FBXO22,0.1807646809,-0.0447513881,0.2239674735,0.2321373931,gwa,rs11072566
FBXO24,0.0884053191,-0.0661755447,0.302103748,0.2717915751,gwa,rs2075672
FBXO7,0.1699811271,-0.0386195682,0.570371022,0.3896168537,gwa,rs5749446
FGF23,0.1985368071,-0.037414233,0.1813845412,0.2039812088,gwa,rs10849023
FIGNL1,0.0456417654,-0.0395677091,0.4716824284,0.3548120782,gwa,rs12718598
FLOT2,-0.0506710983,-0.0444138824,0.5731966493,0.3896168537,gwa,rs2070265
FNTB,0.3152776886,-0.0313492935,0.5140425509,0.3660998982,gwa,rs7155454
FRS3,0.1799329541,0.0073260439,0.8563959328,0.4977181944,gwa,rs9349204
FSD1,0.401995207,-0.0536368595,0.5022689475,0.3644135534,gwa,rs732716
GADD45GIP1,-0.129436674,-0.0863486402,0.0796150268,0.1288249941,gwa,rs741702
GALNS,0.1886417404,-0.0518495852,0.4653120119,0.3539422346,gwa,rs10445033
GATA1,0.0050281053,-0.3338420173,0.0007276333,0.0046758913,ery,
GBGT1,0.2640233431,-0.1351807745,0.0406823319,0.0944681164,gwa,rs579459
GCDH,-0.0790174492,-0.1316646623,0.0380118006,0.0929288369,gwa,rs741702
GFOD2,0.0345604201,-0.1656376498,0.107951444,0.1505014785,gwa,rs2271294
GIGYF1,0.1394978217,-0.0443858648,0.4780212155,0.3571910449,gwa,rs2075672
GK5,0.0831150099,-0.1659374556,0.065082409,0.1134733288,gwa,rs13061823
GMPR,0.4127073172,-0.0374900391,0.5096126666,0.3660998982,gwa,rs6914805
GNB2,0.1912152905,-0.0059552924,0.905389595,0.5127325077,gwa,rs2075672
GOSR2,0.0509344931,-0.1115308995,0.0893031182,0.1351941893,gwa,rs12150672
GOT1,-0.0303185618,0.004963495,0.8967383599,0.5106090857,gwa,rs11190134
GPR152,0.1890279606,-0.0763451536,0.0042243191,0.0175895435,gwa,rs2302264
GPX2,0.1987178812,-0.0413184142,0.2522735927,0.2475529362,gwa,rs7155454
GPX5,0.0840777915,-0.1109663479,0.1762063191,0.1991536583,gwa,rs13219787
GPX6,0.3494295859,-0.0863943916,0.151656813,0.1843784174,gwa,rs13219787
GRK7,0.2914086335,0.0448496611,0.3462072713,0.3008611196,gwa,rs6776003
GRN,0.2588128411,-0.1465555479,0.0704435516,0.1194217745,gwa,rs2269906
GSTP1,-0.039187335,-0.1048630043,0.0492194939,0.0987785943,gwa,rs2302264
HAUS1,-0.1543022006,-0.1131008128,0.1984635801,0.2171500673,gwa,rs4890633
HBS1L,0.2794386584,7.10924901913811E-05,0.9989362683,0.5387925875,gwa,rs9389269
HDAC5,0.0685742415,-0.0857572943,0.1286740177,0.1680580876,gwa,rs2269906
HDGFRP2,0.0992675622,0.1115112302,0.0505231044,0.0991178634,gwa,rs732716
HEYL,0.176165237,0.0137852637,0.8202043198,0.4861448035,gwa,rs3916164
HFE,-0.0189360312,-0.0543680326,0.2070427654,0.2217484796,gwa,rs1408272
HK1,0.3015443049,0.0437983061,0.1334549967,0.1682472785,gwa,rs10159477
IGDCC3,0.3139520807,-0.0025467848,0.9692085326,0.5342898842,gwa,rs2572207
IGDCC4,0.189874259,0.0058257155,0.9199158473,0.515969005,gwa,rs2572207
IKZF1,-0.1876026919,0.0161277636,0.7311218454,0.4542615657,gwa,rs12718598
IL2RB,0.3440952712,-0.10296677,0.0867038579,0.1339855904,gwa,rs855791
IZUMO4,0.4008362765,-0.0528935058,0.2977257585,0.2697200502,gwa,rs2159213
KANSL1,0.1172139609,-0.0468086971,0.511179539,0.3660998982,gwa,rs12150672
KCTD17,0.2985942829,-0.0647999917,0.1897357578,0.2099565203,gwa,rs855791
KIAA0100,0.2930925882,-0.046462404,0.4506207908,0.3506979834,gwa,rs2070265
KIT,-0.1767123256,-0.2240303111,0.0054338562,0.0210717221,gwa,rs218238
KITLG,0.435910591,-0.0800618628,0.359377965,0.3061733627,gwa,rs11104870
KLC1,-0.1661102483,-0.0829304153,0.0786806969,0.1283764568,gwa,rs17616316
KLF1,0.134387086,-0.0905824036,0.1487595547,0.1818389573,gwa,rs741702
lacZ,0.422438322,0.038628088,0.0388641805,0.0939910393,neg,
LAX1,0.386510873,-0.0116975413,0.821352075,0.4861448035,gwa,rs7551442
LCAT,0.3692260731,-0.0190984272,0.3627177673,0.3062317681,gwa,rs2271294
LIPC,0.4869269491,-0.0687010459,0.3968686804,0.3219325668,gwa,rs1532085
LRCH4,0.1180421724,-0.0762500525,0.2750542238,0.2596437624,gwa,rs2075672
LRRC37A,0.3547427872,-0.0848668944,0.1211825809,0.1622373343,gwa,rs12150672
LRRC37A2,0.0448263224,-0.0090220663,0.8530554662,0.4970611856,gwa,rs12150672
LRRC47,0.3498841677,-0.0177132964,0.623651338,0.4137729027,gwa,rs1175550
LYL1,0.1259840906,-0.0227930806,0.5387555272,0.3762714552,gwa,rs741702
MAPK1,0.3208883599,-0.0615626272,0.2986019868,0.2697200502,gwa,rs5754217
MAPT,0.2247912966,-0.0395069716,0.3421253148,0.3005834955,gwa,rs12150672
MARCH8,0.1664369538,-0.0795121688,0.3666496805,0.3077063103,gwa,rs901683
MARK3,0.0635498867,-0.1350375934,0.0178795379,0.0509036687,gwa,rs17616316
MAST1,-0.0918570173,-0.1084442589,0.0080349474,0.0273816106,gwa,rs741702
MAX,-0.041647933,-0.2015739271,0.0072689557,0.0251523492,gwa,rs7155454
MED1,0.3320944862,0.1058443432,4.22456067515879E-05,0.0003746571,gwa,rs8182252
MED20,-0.0104508321,-0.0893932855,0.0025873885,0.0125958201,gwa,rs9349204
MED22,0.2990090455,-0.0830333457,0.275338129,0.2596437624,gwa,rs579459
MKNK2,0.2786522303,-0.0448887097,0.4930440275,0.3623966394,gwa,rs2159213
MLEC,0.060852044,-0.0659762196,0.5125760262,0.3660998982,gwa,rs3829290
MOB3A,0.0121852967,-0.1026576718,0.1309247497,0.1680580876,gwa,rs2159213
MOSPD3,0.027562831,-0.2233999612,0.0067106241,0.0239325273,gwa,rs2075672
MPND,-0.0348218232,-0.2291270636,0.0016182318,0.0090734641,gwa,rs732716
MPST,0.2192958698,-0.0639894137,0.4982668973,0.3644135534,gwa,rs855791
MRPS6,-0.3043414898,-0.1858220341,0.0439192844,0.0959150515,gwa,rs2032314
MTOR,0.0711665174,-0.1228222153,0.0222530555,0.0617908996,ess,
MVD,-0.1133864071,-0.0969747001,0.2008183606,0.2171500673,gwa,rs10445033
MYB,0.194125494,-0.2133722622,0.0036492062,0.0157839229,gwa,rs9389269
NCAPH2,-0.0936495877,-0.158200039,0.0414404041,0.0951081627,gwa,rs140522
NEK8,0.3949014295,-0.0508347295,0.0787670509,0.1283764568,gwa,rs2070265
NEUROD2,0.0343236604,-0.1059267526,0.1018894357,0.146900896,gwa,rs8182252
NFATC3,0.0148474844,-0.1916438471,0.000205662,0.0014455192,gwa,rs2271294
NFIX,0.0521145828,-0.0024709903,0.957159416,0.530246888,gwa,rs741702
NKAPL,0.3508231723,0.0796741917,0.0438354765,0.0959150515,gwa,rs13219787
NKX2-3,0.206285002,-0.0683805216,0.3314012219,0.2923033622,gwa,rs11190134
NKX6-3,0.2848444968,-0.0940043894,0.1419838398,0.1764331663,gwa,rs4737009
NR5A2,-0.0414040975,0.0008144776,0.990609934,0.5368765908,gwa,rs7529925
NRG4,0.1818925321,-0.1058431378,0.1712317987,0.1964935202,gwa,rs11072566
NRIP3,0.1426000843,-0.1329131747,0.0882303956,0.1349959619,gwa,rs11042125
NRN1L,0.0110805133,0.0389057203,0.4457091639,0.3487782034,gwa,rs2271294
NSF,-0.0831650848,-0.2119740276,0.0102163757,0.032363717,gwa,rs12150672
NT5C1A,0.1534920363,-0.1910803062,0.0541030392,0.1040053515,gwa,rs3916164
NUAK2,0.0967293582,-0.1104795808,0.0486945603,0.0986682341,gwa,rs9660992
NUDT19,-0.3634568651,-0.1767443239,0.1126398125,0.1526172827,gwa,rs3892630
NUTF2,0.4120157372,-0.1046701915,0.058981017,0.1087357393,gwa,rs2271294
OBP2B,-0.0792549094,-0.0557420627,0.0616363944,0.1100237812,gwa,rs579459
ODF3B,0.0604795579,-0.0375863298,0.4607469564,0.3535321269,gwa,rs140522
P2RY6,0.0246838162,-0.0489143532,0.4466033106,0.3487782034,gwa,rs7125949
PABPC4,0.0760907378,0.0346258702,0.4065297574,0.3264670554,gwa,rs3916164
PACRG,0.4245259309,-0.0398181126,0.291886621,0.2668695158,gwa,rs736661
PARD6A,-0.039911721,-0.0751482516,0.2736627958,0.2596437624,gwa,rs2271294
PARK2,0.0988388334,-0.0707072969,0.1611980061,0.1898218424,gwa,rs736661
PCOLCE,-0.0144640312,-0.1450823515,0.0706179775,0.1194217745,gwa,rs2075672
PDE10A,0.1795869221,-0.0804571573,0.0895621289,0.1351941893,gwa,rs736661
PDGFRA,0.0861815412,-0.002742867,0.9746799646,0.5359923815,gwa,rs218238
PDZK1IP1,0.1095095766,-0.2140700231,0.0050378334,0.0198787391,gwa,rs741959
PGBD1,-0.1551615649,-0.1080146918,0.001722954,0.0091514521,gwa,rs13219787
PGC,0.199005091,-0.123535336,0.0043794816,0.0175895435,gwa,rs9349204
PGS1,0.2536285813,-0.1266462255,0.0474495205,0.0982350615,gwa,rs4969184
PHF12,0.1113923802,-0.0288776089,0.4926428242,0.3623966394,gwa,rs2070265
PIEZO1,0.3769325371,-0.0269856338,0.7433861152,0.4568285583,gwa,rs10445033
PITPNM1,0.3392022542,-0.0799056175,0.2142256022,0.2251528687,gwa,rs2302264
PLA2G15,0.2158367967,-0.0966519767,0.1750922012,0.1988939158,gwa,rs2271294
PLEKHB1,0.3045678966,-0.0947974684,0.0468536073,0.0982350615,gwa,rs7125949
PLEKHM1,0.0580732276,-0.0837663486,0.1297771202,0.1680580876,gwa,rs12150672
PLS1,0.1356957402,-0.0720221167,0.2738565807,0.2596437624,gwa,rs13061823
PLXDC1,0.2255859714,-0.0617050837,0.1315080079,0.1680580876,gwa,rs8182252
PNMT,0.3621398927,-0.1217634991,0.0441529026,0.0959150515,gwa,rs8182252
POLD4,0.3586076446,-0.2000005044,0.0229654075,0.0629912447,gwa,rs2302264
POM121L2,-0.2148608233,-0.1882428761,0.0026321123,0.0125958201,gwa,rs13219787
POP5,0.1363306563,-0.0943874727,0.4040122949,0.3256943798,gwa,rs3829290
POP7,0.232232792,-0.0977177677,0.1639910039,0.1901245418,gwa,rs2075672
PPCDC,0.1524423157,-0.1319729622,0.0055799088,0.0211329213,gwa,rs8028632
PPIL2,0.1825476108,-0.1033008896,0.110291771,0.1505014785,gwa,rs5754217
PPP1CA,0.2000395902,-0.0601726069,0.1346482357,0.1682472785,gwa,rs2302264
PPP1R1B,-0.0111953169,-0.0180351351,0.7143112707,0.4512672044,gwa,rs8182252
PRDX2,0.0759921777,0.0097932566,0.872018843,0.4992694464,gwa,rs741702
PRICKLE4,0.0420006304,-0.0867028007,0.2254467918,0.2325987903,gwa,rs9349204
PRKAG2,0.0510051525,-0.0587976451,0.44639147,0.3487782034,gwa,rs10480300
PRKCE,0.3690127654,-0.0428027271,0.5433163792,0.3771617772,gwa,rs4953318
PRMT7,0.0726825324,-0.0964541705,0.0464912403,0.0982350615,gwa,rs2271294
PROCA1,0.2545285447,0.0010955699,0.9810353117,0.536862048,gwa,rs2070265
promegaLuc,0.4658798598,-0.0139572649,0.6125316066,0.4100238429,neg,
promegaLuc.1,0.2038686399,0.0216653646,0.6456923771,0.4244412099,neg,
PRR3,0.2095540395,-0.0170329517,0.6791944674,0.4389699401,gwa,rs2097775
PRSS16,0.1349167745,-0.0585856668,0.3475227232,0.3008611196,gwa,rs13219787
PSKH1,0.214965675,-0.0440984209,0.3876902216,0.3178602045,gwa,rs2271294
PSMA1,-0.263423545,-0.3423745559,0.0291840717,0.0745904276,ess,
PSMB10,0.0010901027,0.0204837602,0.7827106957,0.4694505872,gwa,rs2271294
PSMB2,-0.2605751198,-0.5116665065,1.78016392226564E-51,4.00386919716082E-49,ess,
PSMD1,-0.8417131979,-0.5034488832,5.5293800127544E-12,1.55455587794182E-10,ess,
PSTPIP2,-0.1409568291,-0.2769517613,7.2427210655393E-06,9.05001169812162E-05,gwa,rs4890633
PTPRC,-0.0643127451,-0.1150753623,0.000029105,0.0002727571,gwa,rs7529925
PTPRCAP,0.0283264876,-0.0716733978,0.1904318769,0.2099565203,gwa,rs2302264
QKI,0.012217019,-0.1306739123,0.2791645682,0.2600456172,gwa,rs736661
RAB11A,-0.0157508595,-0.0545999506,0.2113947007,0.2232206552,gwa,rs2572207
RAB15,0.1929412476,0.0178458769,0.6510318387,0.4256608144,gwa,rs7155454
RAB34,-0.0127499952,-0.1040273371,0.1543285575,0.1866178744,gwa,rs2070265
RAD23A,0.2956906375,-0.0399759985,0.6749688564,0.4374960595,gwa,rs741702
RAD9A,0.1922486133,0.0029597111,0.9333948034,0.520931019,gwa,rs2302264
RAE1,-0.073061363,-0.2464490462,0.0254636406,0.0681806434,gwa,rs737092
RALGDS,0.2324396285,-0.0337173831,0.5733843602,0.3896168537,gwa,rs579459
RAN,-0.8993238065,-0.3807592363,0.0443506733,0.0959150515,ess,
RANBP10,-0.0507979199,-0.0065213894,0.9009784478,0.5117279076,gwa,rs2271294
RASA2,-0.2376182568,-0.002512758,0.9533764438,0.5294552752,gwa,rs6776003
RBM24,0.2268475031,-0.1395969097,0.0636546782,0.1123449425,gwa,rs6914805
RBM38,0.2166589418,-0.1058972464,0.3886555661,0.3178602045,gwa,rs737092
RCL1,0.1203707948,-0.0846495765,0.3217964738,0.2860754867,gwa,rs2236496
RELT,0.2344579629,-0.0705335075,0.2288345912,0.2328589697,gwa,rs7125949
rfp,0.2409784301,-0.0104708595,0.7191489473,0.4516870209,neg,
RGS9BP,0.1195254959,0.0343493419,0.3115430372,0.2780592804,gwa,rs3892630
RIMBP3C,-0.1213331137,-0.1738473354,0.0856360533,0.1339855904,gwa,rs5754217
RLTPR,0.3094905915,0.0212823915,0.7812574865,0.4694505872,gwa,rs2271294
RNF165,0.484814168,-0.0059456527,0.7465845536,0.4575439551,gwa,rs4890633
RNF166,0.2526197277,-0.0427499684,0.0817671197,0.1313622413,gwa,rs10445033
RNF7,0.1089026794,-0.0716534524,0.2806088371,0.2600456172,gwa,rs6776003
RPL19,-0.2122557905,-0.3423632542,0.0272047112,0.0703306698,gwa,rs8182252
RPL23A,-0.1260942773,-0.3250906913,0.0056375564,0.0211329213,gwa,rs2070265
RPL27A,0.0637779647,-0.1451660678,0.1300588114,0.1680580876,gwa,rs11042125
RPL5,-0.0565936691,-0.5028750183,8.69450029091341E-19,2.79361447433357E-17,ery,
RPL7A,-0.2989777266,-0.4632460819,3.21776459314995E-09,5.5671228134087E-08,gwa,rs579459
RPP21,0.2364434203,-0.1007523824,0.1302316989,0.1680580876,gwa,rs2097775
RPP25,0.1501614147,-0.0187786832,0.7162788089,0.4512672044,gwa,rs8028632
RPS11,-0.6552472829,-0.5153691629,2.63100289118958E-09,4.93128343496779E-08,ess,
RPS15A,-0.4476044058,-0.5305064368,2.90066984329519E-30,1.08734393234245E-28,ess,
RPS19,-0.3336732008,-0.4178739723,2.75846567805507E-05,0.0002697489,ery,
RPS4X,-0.5598442218,-0.5869043868,9.80164560051373E-36,7.34848186554205E-34,ess,
RPS6KB2,-0.0150252151,-0.0928252048,0.0403194904,0.0944681164,gwa,rs2302264
RPS7,-0.6264276854,-0.6189158349,2.81686418639058E-32,1.58389286618625E-30,ess,
RPS9,-0.4671547282,-0.6447024211,1.58604895455448E-50,1.7836370221029E-48,ess,
RTBDN,0.2402226006,-0.1023573376,0.1557442442,0.1873226465,gwa,rs741702
RTCB,0.134075562,-0.0704041768,0.1607361996,0.1898218424,gwa,rs5749446
RUNDC3A,0.186965848,0.1199596996,0.0153746142,0.0449090003,gwa,rs2269906
SBF2,0.1277089256,-0.0891860412,0.1883506602,0.2097179786,gwa,rs7936461
SCAMP5,-0.077918024,-0.0461204473,0.569686832,0.3896168537,gwa,rs8028632
SCGN,0.2102631515,-0.0342985399,0.481010812,0.3582348075,gwa,rs1408272
SCO2,0.1739190207,-0.1511267586,0.0151510271,0.0448382204,gwa,rs140522
SCUBE2,0.2678032968,-0.0396775942,0.414997088,0.3306883333,gwa,rs11042125
SDF2,0.2870802707,-0.1784101975,0.0639357274,0.1123449425,gwa,rs2070265
SDF2L1,-0.000901024,-0.1261708579,0.1061927662,0.1505014785,gwa,rs5754217
SEC23B,0.1077061033,-0.0858444551,0.1623458399,0.1900689108,ery,
SF3A2,0.1511424132,-0.2369918489,0.0009226008,0.0057640962,gwa,rs2159213
SH2B3,-0.1297427754,-0.0974799376,0.0554956415,0.1057783418,gwa,rs3184504
SH3GL1,0.0601624375,-0.0242437772,0.5552352477,0.3830710342,gwa,rs732716
SLC10A1,0.0758374619,-0.0756364047,0.1655623908,0.1909620041,gwa,rs11627546
SLC12A4,0.0288226075,-0.2318555832,0.0373578915,0.0923338298,gwa,rs2271294
SLC17A1,0.1486569523,-0.083653233,0.2508430093,0.2474497624,gwa,rs1408272
SLC17A2,0.3023250719,-0.0538710635,0.2813740975,0.2600456172,gwa,rs1408272
SLC17A3,0.1425314077,0.0185296308,0.731130124,0.4542615657,gwa,rs1408272
SLC17A4,0.2376620819,-0.0353905896,0.4570582284,0.3532632246,gwa,rs1408272
SLC20A2,0.3390939973,-0.0216663503,0.7968338783,0.4766502567,gwa,rs6987853
SLC24A1,0.05516077,-0.0146341361,0.7362892421,0.4549534443,gwa,rs2572207
SLC4A1,0.2347255407,-0.1294951065,0.0017495992,0.0091514521,gwa,rs2269906
SLC51A,0.0203994436,-0.005805716,0.9091692062,0.5127325077,gwa,rs11717368
SLC5A3,0.1184176912,0.0165773157,0.6818655658,0.4394335567,gwa,rs2032314
SLC7A6,0.1447139853,-0.0622974391,0.2276693811,0.2328589697,gwa,rs2271294
SLC7A9,0.2384935168,-0.058447238,0.3900545556,0.3178602045,gwa,rs3892630
SMIM1,-0.0357938097,-0.1905858817,0.042657219,0.0959150515,gwa,rs1175550
SMIM19,0.3519381905,0.0276462138,0.6932601847,0.4442311699,gwa,rs6987853
SMOC1,0.2153429429,-0.0547783791,0.1747700212,0.1988939158,gwa,rs11627546
SNAI3,0.0876668519,-0.118747671,0.3281508797,0.2905760007,gwa,rs10445033
SNRPE,0.0518486647,-0.23151281,0.003634881,0.0157839229,ess,
SNU13,-0.2154387806,-0.6134574881,3.71393824277985E-11,8.35323238744128E-10,ess,
SOCS3,0.5018029262,0.01253246,0.6629772833,0.4322146054,gwa,rs4969184
SPECC1,-0.0333763991,-0.1287156339,0.210653338,0.2232206552,gwa,rs888424
SPPL2C,0.0671466152,-0.1520651063,0.0259788245,0.0685686628,gwa,rs12150672
SPPL3,0.0067727332,-0.1362469336,0.1469892947,0.1806568786,gwa,rs3829290
SPTA1,0.114851322,-0.0248541396,0.7143166356,0.4512672044,gwa,rs857684
ST5,0.2480829799,-0.074526243,0.3740560448,0.3115966638,gwa,rs11042125
STAC2,0.043090308,-0.2163243681,0.0001209652,0.0008776442,gwa,rs8182252
STAP2,0.3470875992,-0.0109938885,0.8590289917,0.4979617466,gwa,rs732716
STARD3,0.2931752425,0.0366965914,0.4601852847,0.3535321269,gwa,rs8182252
STH,0.0161486592,-0.1230132112,0.0673364635,0.1156109298,gwa,rs12150672
STIL,-0.059293775,-0.1916954804,4.46277718657572E-05,0.0003746571,gwa,rs741959
STKLD1,0.4521551401,-0.0843029422,0.0951358507,0.1417056428,gwa,rs579459
SURF1,0.2320107245,-0.0256438947,0.6415938236,0.4231805331,gwa,rs579459
SURF2,0.1802055151,-0.1935371968,6.16521711564884E-06,8.15679109970373E-05,gwa,rs579459
SURF4,0.3147230137,-0.044076132,0.4658050726,0.3539422346,gwa,rs579459
SURF6,-0.0182566358,0.0192572579,0.6414082717,0.4231805331,gwa,rs579459
SYCE2,-0.239782177,-0.1468280549,0.0506792158,0.0991178634,gwa,rs741702
SYN3,0.2177770702,-0.0859837465,0.2189648317,0.2280042038,gwa,rs5749446
TACR2,0.0138124395,-0.1814001047,2.27471675231165E-05,0.0002325544,gwa,rs10159477
TAF8,0.1516036612,-0.1226628718,0.0014464777,0.008341939,gwa,rs9349204
TAL1,0.0147310669,-0.0217042265,0.5193307727,0.3673134431,gwa,rs741959
TBC1D10C,-0.1382845133,-0.0576018246,0.1590099238,0.1892266545,gwa,rs2302264
TCAP,0.045467934,-0.1638232221,0.0122382271,0.0377064401,gwa,rs8182252
TDRD12,-0.3089437056,-0.1093895229,0.1104090886,0.1505014785,gwa,rs3892630
TEX33,0.0550908829,-0.098617905,0.0867605899,0.1339855904,gwa,rs855791
TFDP2,-0.0084192613,-0.1031072918,0.0603789585,0.1095175748,gwa,rs13061823
TFEB,0.1523324539,-0.1042139051,0.0778302877,0.1283764568,gwa,rs9349204
TFR2,0.2578946735,0.1237780907,0.0398426407,0.0944681164,gwa,rs2075672
TFRC,0.0383054363,-0.0141882572,0.8521157693,0.4970611856,gwa,rs11717368
THAP11,0.2851185906,-0.0121119267,0.8699654241,0.4992694464,gwa,rs2271294
THRB,0.0315286867,-0.0622954761,0.1101985261,0.1505014785,gwa,rs9310736
TIMP3,0.0197419018,-0.1006660959,0.1239374432,0.1642711226,gwa,rs5749446
TLCD1,0.3389284505,0.0667918921,0.0016540061,0.0090734641,gwa,rs2070265
TMCC2,0.1686573531,-0.0951781855,0.0513645375,0.0995921891,gwa,rs9660992
TMEM134,-0.1706587608,-0.0495411004,0.1467454839,0.1806568786,gwa,rs2302264
TMEM155,0.0371966531,-0.1813493875,0.0976724787,0.1430825626,gwa,rs13152701
TMEM9B,0.3410446261,-0.049818565,0.5949354194,0.4003793207,gwa,rs11042125
TMIGD2,0.3748116269,-0.0011730682,0.977867116,0.5364334746,gwa,rs732716
TMPRSS6,0.55257379,-0.1145925891,0.0083721327,0.0281048444,gwa,rs855791
TMTC3,0.4337695274,-0.067553849,0.2298402366,0.2328589697,gwa,rs11104870
TMUB2,-0.0030482635,-0.1039293852,0.0476072542,0.0982350615,gwa,rs2269906
TOMM6,-0.1614191136,0.0004968437,0.9887788006,0.5368765908,gwa,rs9349204
TP73,0.1114640896,-0.1381355094,0.0234886858,0.0636503084,gwa,rs1175550
TRAF4,0.0747169852,-0.0104291581,0.8723839241,0.4992694464,gwa,rs2070265
TRAPPC2L,0.163681215,0.001894551,0.9619920386,0.5316146671,gwa,rs10445033
TRIM38,-0.1043090656,-0.0320615549,0.5279793469,0.3715247719,gwa,rs1408272
TRIM39,-0.0778537171,-0.1393583608,0.0262182829,0.0685686628,gwa,rs2097775
TRIM58,0.0129918021,0.0200878392,0.7524433172,0.4586351214,gwa,rs3811444
TRMT61A,-0.1126325476,-0.2283920937,0.0061888072,0.0228190208,gwa,rs17616316
TRPC3,0.1729641179,-0.0061820867,0.8316583812,0.4896677383,gwa,rs13152701
TSNAXIP1,0.377652398,-0.0193188885,0.765540587,0.465357141,gwa,rs2271294
TSPAN15,-0.016946731,-0.1607036394,0.0010137909,0.0061626365,gwa,rs10159477
TST,0.3206217623,-0.0779040162,0.2631664939,0.2562350291,gwa,rs855791
TYMP,0.2804891966,-0.1193265209,0.1630979526,0.1900689108,gwa,rs140522
UBE2L3,-0.0086092108,-0.0426492739,0.6896775281,0.4431981277,gwa,rs5754217
UBE2Q2,0.1243803626,-0.1181160612,0.2189660175,0.2280042038,gwa,rs11072566
UBTF,-0.0625123169,-0.2474826515,0.009548474,0.0311816698,gwa,rs2269906
UBXN6,0.1315559145,0.0302392304,0.5285886927,0.3715247719,gwa,rs732716
UNC119B,-0.1317348053,-0.0830381184,0.0001188907,0.0008776442,gwa,rs3829290
USP49,0.2423500394,-0.0183423034,0.7817377455,0.4694505872,gwa,rs9349204
VEGFA,0.1778257755,-0.0596025301,0.2445472574,0.2433740354,gwa,rs9369427
VWA9,0.0702673368,-0.1821752425,1.90780850303603E-06,2.68185123426221E-05,gwa,rs2572207
WDR61,0.3736452627,-0.131497583,0.107029863,0.1505014785,gwa,rs2867932
WNT3,0.2045997941,-0.0331214905,0.5854424587,0.3966121535,gwa,rs12150672
WNT9B,0.1345867787,-0.0507208255,0.372327379,0.311309647,gwa,rs12150672
XRN1,0.1841094467,0.0334479736,0.200326866,0.2171500673,gwa,rs13061823
YDJC,-0.2631631834,-0.1684832048,0.1241624462,0.1642711226,gwa,rs5754217
ZAN,0.182171149,-0.18747816,0.0407415084,0.0944681164,gwa,rs2075672
ZBTB38,-0.3638116624,-0.1788041593,0.0018587452,0.0095013885,gwa,rs6776003
ZC3H11A,0.1096199895,-0.0904562062,0.0114436529,0.035748026,gwa,rs7551442
ZDHHC19,0.5133238997,-0.046330579,0.3444517314,0.3008611196,gwa,rs11717368
ZFAND4,0.2485106498,-0.0534857914,0.2086875068,0.2224507535,gwa,rs901683
ZFPM1,0.3469743974,-0.2461591522,5.93951573807076E-10,1.21444608209537E-08,ery,
ZKSCAN3,0.1447961325,-0.1178368886,0.0578452246,0.1075231619,gwa,rs13219787
ZKSCAN4,0.168263597,-0.0171074592,0.6472793888,0.4244412099,gwa,rs13219787
ZKSCAN8,0.0139831722,-0.0342914492,0.2317426978,0.233733564,gwa,rs13219787
ZNF165,0.511506488,-0.0590412491,0.5013746986,0.3644135534,gwa,rs13219787
ZNF184,0.0596638686,-0.0150820562,0.7494964724,0.4580803477,gwa,rs13219787
ZNF391,0.0954110374,-0.1128753455,0.0830685824,0.1325066189,gwa,rs13219787
ZSCAN12,0.2111963485,-0.0289609424,0.5403608914,0.3762714552,gwa,rs13219787
ZSCAN16,0.1580020035,-0.0341504672,0.616935706,0.4117464765,gwa,rs13219787
ZSCAN23,-0.2953635112,-0.0961329745,0.0098707891,0.0317156575,gwa,rs13219787
ZSCAN26,0.1595927936,-0.0813093873,0.0474162102,0.0982350615,gwa,rs13219787
ZSCAN31,0.0085237978,-0.0695236237,0.0496273859,0.0987785943,gwa,rs13219787
ZSCAN9,0.185704592,-0.0119624248,0.8471891066,0.4962140128,gwa,rs13219787
