Sentinel SNP	Position (B36)	Alleles (EA/OA)	EAF	Phenotype	Effect (SE)	P
rs1175550	3681388	G/A	0.22	MCHC	0.008 (0.013)	8.6 × 10−15
rs3916164	39842526	G/A	0.71	MCH	0.008 (0.004)	3.1 × 10−10
rs741959	47448820	G/A	0.57	MCV	0.157 (0.025)	6.0 × 10−10
rs857684	156842353	C/T	0.74	MCHC	−0.006 (0.011)	3.5 × 10−16
rs7529925	197273831	C/T	0.28	RBC	0.014 (0.002)	8.3 × 10−9
rs7551442	201921744	A/G	0.09	MCHC	−0.023 (0.017)	9.7 × 10−12
rs9660992	203516073	G/A	0.42	MCH	0.007 (0.004)	7.1 × 10−10
rs3811444	246106074	T/C	0.35	RBC	0.018 (0.003)	4.5 × 10−10
rs4953318	46208555	A/C	0.62	PCV	0.152 (0.018)	3.1 × 10−19
rs243070	60473790	T/A	0.72	MCV	−0.181 (0.027)	4.4 × 10−13
rs10207392	111566130	G/A	0.44	MCV	−0.132 (0.025)	4.4 × 10−11*
rs9310736	24325815	A/G	0.35	MCV	−0.210 (0.026)	6.1 × 10−16
rs6776003	142749183	A/G	0.44	MCV	−0.138 (0.026)	3.7 × 10−11*
rs13061823	143603476	T/C	0.56	MCV	−0.168 (0.025)	4.7 × 10−13
rs11717368	197318754	C/G	0.52	MCH	0.008 (0.004)	6.6 × 10−19
rs218238	55089781	A/T	0.78	RBC	0.033 (0.003)	2.8 × 10−39
rs13152701	122970511	A/G	0.37	MCV	0.150 (0.026)	9.0 × 10−10
rs6914805	16389166	C/T	0.75	MCH	0.012 (0.004)	1.2 × 10−19
rs1408272	25950930	G/T	0.07	MCH	0.033 (0.009)	4.8 × 10−67
rs13219787	27969649	A/G	0.09	MCH	0.023 (0.007)	5.9 × 10−17
rs2097775	30462282	A/T	0.15	HB	0.055 (0.008)	1.3 × 10−10
rs9272219	32710247	G/T	0.72	RBC	0.015 (0.002)	4.3 × 10−10
rs9349204	42022356	G/A	0.27	MCV	−0.367 (0.028)	2.4 × 10−40
rs9369427	43919408	A/C	0.68	HB	0.042 (0.006)	5.6 × 10−12
rs1008084	109733658	G/A	0.56	MCH	−0.010 (0.003)	6.4 × 10−26
rs9389269	135468852	T/C	0.72	MCV	−0.600 (0.028)	2.6 × 10−19
rs590856	139886122	G/A	0.43	MCV	0.313 (0.026)	5.0 × 10−36
rs736661	164402826	A/G	0.62	MCH	0.007 (0.004)	1.6 × 10−11
rs12718598	50395939	T/C	0.51	MCV	−0.204 (0.030)	1.6 × 10−13
rs2075672	100078232	A/G	0.39	RBC	0.022 (0.003)	1.9 × 10−20
rs10480300	151036938	C/T	0.72	HB	0.052 (0.007)	7.8 × 10−15
rs4737009	41749562	G/A	0.74	MCHC	−0.014 (0.013)	4.9 × 10−11
rs6987853	42576607	C/T	0.62	MCHC	−0.002 (0.010)	6.1 × 10−11
rs2236496	4834265	C/T	0.22	MCV	−0.279 (0.031)	1.4 × 10−19
rs579459	135143989	T/C	0.8	RBC	0.021 (0.003)	9.3 × 10−18
rs901683	45286428	A/G	0.08	MCV	0.364 (0.050)	1.5 × 10−16
rs10159477	70769894	A/G	0.16	HB	0.087 (0.010)	4.4 × 10−20
rs11190134	101272190	G/A	0.6	MCH	−0.011 (0.004)	1.3 × 10−10*
rs11042125	8894625	A/T	0.6	HB	0.032 (0.006)	1.5 × 10−9
rs7936461	9997462	C/T	0.75	PCV	0.121 (0.021)	1.0 × 10−9
rs2302264	66964002	G/A	0.58	MCV	0.140 (0.025)	1.3 × 10−10
rs7125949	72686732	A/G	0.11	HB	0.053 (0.010)	2.1 × 10−9
rs7312105	2393616	G/A	0.36	PCV	0.104 (0.019)	3.2 × 10−9*
rs10849023	4202739	C/T	0.79	MCH	−0.008 (0.005)	7.5 × 10−12
rs11104870	87353425	C/T	0.3	RBC	0.013 (0.002)	6.2 × 10−11*
rs3184504	110368991	T/C	0.48	HB	0.051 (0.006)	4.3 × 10−19
rs3829290	119610821	C/T	0.44	MCV	−0.153 (0.026)	2.1 × 10−9
rs7155454	64571992	A/G	0.51	MCH	0.002 (0.004)	1.8 × 10−12
rs11627546	69435677	C/A	0.84	MCV	0.162 (0.032)	1.1 × 10−9*
rs17616316	102892515	G/C	0.07	MCH	0.014 (0.009)	8.2 × 10−11*
rs1532085	56470658	G/A	0.59	HB	0.034 (0.006)	6.7 × 10−11*
rs2572207	63857747	C/T	0.74	MCV	0.153 (0.029)	3.4 × 10−9
rs8028632	73108315	T/C	0.8	MCV	0.188 (0.032)	6.9 × 10−10
rs11072566	74081026	A/G	0.48	HB	0.028 (0.006)	3.0 × 10−10*
rs2867932	76378092	G/A	0.61	MCHC	−0.021 (0.010)	3.3 × 10−9
rs11248850	103598	G/A	0.5	MCH	0.007 (0.004)	6.3 × 10−23
rs2271294	66459827	T/A	0.15	RBC	0.017 (0.003)	1.1 × 10−9
rs10445033	87367963	G/A	0.37	MCHC	0.020 (0.012)	1.5 ×10−22
rs888424	19926019	A/G	0.43	MCH	0.006 (0.004)	5.4 × 10−20
rs2070265	24099550	T/C	0.2	MCH	0.013 (0.004)	5.1 × 10−14
rs8182252	34981476	C/T	0.18	RBC	0.016 (0.003)	5.9 × 10−9
rs2269906	39649863	C/A	0.36	MCHC	0.027 (0.010)	2.0 × 10−11
rs12150672	41182408	A/G	0.23	RBC	0.017 (0.003)	4.7 × 10−12
rs4969184	73905008	G/A	0.53	HB	0.031 (0.006)	7.0 × 10−9
rs4890633	42087276	G/A	0.27	MCH	0.005 (0.004)	1.9 × 10−23
rs2159213	2087102	C/T	0.5	HB	0.032 (0.006)	1.9 × 10−9
rs732716	4317219	A/G	0.71	MCV	0.201 (0.028)	1.5 × 10−14
rs741702	12885250	A/C	0.35	MCH	0.006 (0.004)	8.2 × 10−20
rs3892630	37873324	T/C	0.18	MCV	0.176 (0.034)	1.0 × 10−10*
rs737092	55423811	C/T	0.49	MCV	0.216 (0.033)	4.0 × 10−13
rs2032314	34276393	T/C	0.08	PCV	0.154 (0.034)	7.5 × 10−10*
rs5754217	20269675	G/T	0.83	MCV	0.194 (0.031)	8.6 × 10−10
rs5749446	31210585	T/C	0.62	MCH	0.007 (0.004)	3.3 × 10−13
rs855791	35792882	G/A	0.57	MCH	0.012 (0.004)	1.0 × 10−69
rs140522	49318132	C/T	0.67	MCV	0.287 (0.030)	4.5 × 10−23
